page,visits,date
".xxx_en.wikipedia.org_all-access_all-agents",7089,"2016-01-01 00:00:00"
".xxx_en.wikipedia.org_mobile-web_all-agents",6182,"2016-01-01 00:00:00"
"1._Juli_de.wikipedia.org_desktop_all-agents",20,"2016-01-01 00:00:00"
"2014_FIFA_World_Cup_en.wikipedia.org_all-access_all-agents",5363,"2016-01-01 00:00:00"
"2014_FIFA_World_Cup_en.wikipedia.org_desktop_all-agents",3186,"2016-01-01 00:00:00"
"2014_FIFA_World_Cup_en.wikipedia.org_mobile-web_all-agents",2136,"2016-01-01 00:00:00"
"2015_Copa_AmÃ©rica_en.wikipedia.org_all-access_all-agents",1160,"2016-01-01 00:00:00"
"2015_Copa_AmÃ©rica_en.wikipedia.org_desktop_all-agents",564,"2016-01-01 00:00:00"
"2015_Copa_AmÃ©rica_en.wikipedia.org_mobile-web_all-agents",580,"2016-01-01 00:00:00"
"2015_in_film_en.wikipedia.org_all-access_all-agents",54347,"2016-01-01 00:00:00"
"2015_in_film_en.wikipedia.org_desktop_all-agents",31236,"2016-01-01 00:00:00"
"2015_in_film_en.wikipedia.org_mobile-web_all-agents",22168,"2016-01-01 00:00:00"
"2015â€“16_UEFA_Champions_League_en.wikipedia.org_all-access_all-agents",3822,"2016-01-01 00:00:00"
"2015â€“16_UEFA_Champions_League_en.wikipedia.org_desktop_all-agents",2074,"2016-01-01 00:00:00"
"2015â€“16_UEFA_Europa_League_en.wikipedia.org_desktop_all-agents",888,"2016-01-01 00:00:00"
"2015å¹´å…«ä»™æ¨‚åœ’æ´¾å°?ç²‰å¡µçˆ†ç‚¸äº‹æ•…_zh.wikipedia.org_all-access_all-agents",627,"2016-01-01 00:00:00"
"2015å¹´å…«ä»™æ¨‚åœ’æ´¾å°?ç²‰å¡µçˆ†ç‚¸äº‹æ•…_zh.wikipedia.org_desktop_all-agents",375,"2016-01-01 00:00:00"
"2015å¹´å…«ä»™æ¨‚åœ’æ´¾å°?ç²‰å¡µçˆ†ç‚¸äº‹æ•…_zh.wikipedia.org_mobile-web_all-agents",247,"2016-01-01 00:00:00"
"2016_Summer_Olympics_en.wikipedia.org_all-access_all-agents",16083,"2016-01-01 00:00:00"
"2018_FIFA_World_Cup_en.wikipedia.org_all-access_all-agents",3478,"2016-01-01 00:00:00"
"50_Cent_en.wikipedia.org_all-access_all-agents",9616,"2016-01-01 00:00:00"
"AC/DC_en.wikipedia.org_all-access_all-agents",10629,"2016-01-01 00:00:00"
"AC/DC_en.wikipedia.org_desktop_all-agents",4662,"2016-01-01 00:00:00"
"A_Song_of_Ice_and_Fire_en.wikipedia.org_all-access_all-agents",8638,"2016-01-01 00:00:00"
"A_Song_of_Ice_and_Fire_en.wikipedia.org_desktop_all-agents",3570,"2016-01-01 00:00:00"
"Abraham_Lincoln_en.wikipedia.org_all-access_all-agents",19421,"2016-01-01 00:00:00"
"Abraham_Lincoln_en.wikipedia.org_mobile-web_all-agents",13933,"2016-01-01 00:00:00"
"Accueil_fr.wikipedia.org_all-access_all-agents",10004,"2016-01-01 00:00:00"
"Accueil_fr.wikipedia.org_desktop_all-agents",6795,"2016-01-01 00:00:00"
"Adam_Levine_en.wikipedia.org_all-access_all-agents",8729,"2016-01-01 00:00:00"
"Adam_Sandler_en.wikipedia.org_all-access_all-agents",14192,"2016-01-01 00:00:00"
"Adolf_Hitler_en.wikipedia.org_all-access_all-agents",28224,"2016-01-01 00:00:00"
"Adolf_Hitler_en.wikipedia.org_desktop_all-agents",12619,"2016-01-01 00:00:00"
"Adolf_Hitler_en.wikipedia.org_mobile-web_all-agents",15004,"2016-01-01 00:00:00"
"Agents_of_S.H.I.E.L.D._en.wikipedia.org_all-access_all-agents",9564,"2016-01-01 00:00:00"
"Akshay_Kumar_en.wikipedia.org_all-access_all-agents",18811,"2016-01-01 00:00:00"
"Al_Capone_en.wikipedia.org_all-access_all-agents",6955,"2016-01-01 00:00:00"
"Alan_Turing_en.wikipedia.org_all-access_all-agents",14160,"2016-01-01 00:00:00"
"Albert_Einstein_en.wikipedia.org_all-access_all-agents",14974,"2016-01-01 00:00:00"
"Albert_Einstein_en.wikipedia.org_desktop_all-agents",5661,"2016-01-01 00:00:00"
"Alexander_the_Great_en.wikipedia.org_all-access_all-agents",8632,"2016-01-01 00:00:00"
"Alexandra_Daddario_en.wikipedia.org_all-access_all-agents",10791,"2016-01-01 00:00:00"
"Amazon.com_en.wikipedia.org_all-access_all-agents",8218,"2016-01-01 00:00:00"
"Amber_Heard_en.wikipedia.org_all-access_all-agents",9623,"2016-01-01 00:00:00"
"Amber_Heard_en.wikipedia.org_mobile-web_all-agents",6270,"2016-01-01 00:00:00"
"Amber_Rose_en.wikipedia.org_all-access_all-agents",7633,"2016-01-01 00:00:00"
"America's_Got_Talent_en.wikipedia.org_all-access_all-agents",1832,"2016-01-01 00:00:00"
"American_Civil_War_en.wikipedia.org_all-access_all-agents",13166,"2016-01-01 00:00:00"
"American_Civil_War_en.wikipedia.org_desktop_all-agents",4027,"2016-01-01 00:00:00"
"American_Civil_War_en.wikipedia.org_mobile-web_all-agents",8821,"2016-01-01 00:00:00"
"American_Horror_Story_en.wikipedia.org_all-access_all-agents",13616,"2016-01-01 00:00:00"
"Amy_Poehler_en.wikipedia.org_all-access_all-agents",13154,"2016-01-01 00:00:00"
"Amy_Schumer_en.wikipedia.org_all-access_all-agents",20895,"2016-01-01 00:00:00"
"Amy_Schumer_en.wikipedia.org_mobile-web_all-agents",15512,"2016-01-01 00:00:00"
"Amy_Winehouse_en.wikipedia.org_all-access_all-agents",17106,"2016-01-01 00:00:00"
"Amy_Winehouse_en.wikipedia.org_desktop_all-agents",4904,"2016-01-01 00:00:00"
"Amy_Winehouse_en.wikipedia.org_mobile-web_all-agents",11828,"2016-01-01 00:00:00"
"Amyotrophe_Lateralsklerose_de.wikipedia.org_all-access_all-agents",2738,"2016-01-01 00:00:00"
"Amyotrophe_Lateralsklerose_de.wikipedia.org_mobile-web_all-agents",1912,"2016-01-01 00:00:00"
"Anal_sex_en.wikipedia.org_all-access_all-agents",10583,"2016-01-01 00:00:00"
"Anal_sex_en.wikipedia.org_mobile-web_all-agents",7334,"2016-01-01 00:00:00"
"Android_(operating_system)_en.wikipedia.org_all-access_all-agents",9548,"2016-01-01 00:00:00"
"Android_version_history_en.wikipedia.org_all-access_all-agents",9292,"2016-01-01 00:00:00"
"Andy_Murray_en.wikipedia.org_all-access_all-agents",1879,"2016-01-01 00:00:00"
"Andy_Murray_en.wikipedia.org_mobile-web_all-agents",1213,"2016-01-01 00:00:00"
"Angela_Merkel_en.wikipedia.org_all-access_all-agents",6182,"2016-01-01 00:00:00"
"Angelina_Jolie_en.wikipedia.org_all-access_all-agents",17271,"2016-01-01 00:00:00"
"Angelina_Jolie_en.wikipedia.org_mobile-web_all-agents",12496,"2016-01-01 00:00:00"
"Anna_Faris_en.wikipedia.org_all-access_all-agents",9320,"2016-01-01 00:00:00"
"Anna_Faris_en.wikipedia.org_mobile-web_all-agents",6325,"2016-01-01 00:00:00"
"Anna_Kendrick_en.wikipedia.org_all-access_all-agents",10268,"2016-01-01 00:00:00"
"Ant-Man_(film)_en.wikipedia.org_all-access_all-agents",19509,"2016-01-01 00:00:00"
"Ant-Man_(film)_en.wikipedia.org_desktop_all-agents",7214,"2016-01-01 00:00:00"
"Ant-Man_(film)_en.wikipedia.org_mobile-web_all-agents",11542,"2016-01-01 00:00:00"
"Anthony_Davis_(basketball)_en.wikipedia.org_all-access_all-agents",2026,"2016-01-01 00:00:00"
"Anthony_Davis_(basketball)_en.wikipedia.org_mobile-web_all-agents",1248,"2016-01-01 00:00:00"
"Antonin_Scalia_en.wikipedia.org_all-access_all-agents",852,"2016-01-01 00:00:00"
"Apollo_Creed_en.wikipedia.org_mobile-web_all-agents",7106,"2016-01-01 00:00:00"
"Apple_Inc._en.wikipedia.org_all-access_all-agents",9455,"2016-01-01 00:00:00"
"Area_51_en.wikipedia.org_all-access_all-agents",7237,"2016-01-01 00:00:00"
"Argentina_en.wikipedia.org_all-access_all-agents",6346,"2016-01-01 00:00:00"
"Argentina_es.wikipedia.org_all-access_all-agents",4173,"2016-01-01 00:00:00"
"Argentina_national_football_team_en.wikipedia.org_all-access_all-agents",2340,"2016-01-01 00:00:00"
"Argentina_national_football_team_en.wikipedia.org_desktop_all-agents",1108,"2016-01-01 00:00:00"
"Argentina_national_football_team_en.wikipedia.org_mobile-web_all-agents",1207,"2016-01-01 00:00:00"
"Ariana_Grande_en.wikipedia.org_all-access_all-agents",22100,"2016-01-01 00:00:00"
"Ariana_Grande_en.wikipedia.org_mobile-web_all-agents",14423,"2016-01-01 00:00:00"
"Arnold_Schwarzenegger_en.wikipedia.org_all-access_all-agents",23880,"2016-01-01 00:00:00"
"Arnold_Schwarzenegger_en.wikipedia.org_desktop_all-agents",5872,"2016-01-01 00:00:00"
"Arnold_Schwarzenegger_en.wikipedia.org_mobile-web_all-agents",17515,"2016-01-01 00:00:00"
"Arroba_(sÃ­mbolo)_es.wikipedia.org_all-access_all-agents",6226,"2016-01-01 00:00:00"
"Arroba_(sÃ­mbolo)_es.wikipedia.org_desktop_all-agents",5721,"2016-01-01 00:00:00"
"Arrow_(TV_series)_en.wikipedia.org_all-access_all-agents",17556,"2016-01-01 00:00:00"
"Arrow_(TV_series)_en.wikipedia.org_desktop_all-agents",8460,"2016-01-01 00:00:00"
"Arrow_(sÃ©rie_tÃ©lÃ©visÃ©e)_fr.wikipedia.org_all-access_all-agents",2564,"2016-01-01 00:00:00"
"Arrow_(sÃ©rie_tÃ©lÃ©visÃ©e)_fr.wikipedia.org_desktop_all-agents",1322,"2016-01-01 00:00:00"
"Arrow_(sÃ©rie_tÃ©lÃ©visÃ©e)_fr.wikipedia.org_mobile-web_all-agents",1200,"2016-01-01 00:00:00"
"Arsenal_F.C._en.wikipedia.org_all-access_all-agents",8109,"2016-01-01 00:00:00"
"Ashoka_en.wikipedia.org_all-access_all-agents",11063,"2016-01-01 00:00:00"
"Ashoka_en.wikipedia.org_mobile-web_all-agents",7767,"2016-01-01 00:00:00"
"Ashton_Kutcher_en.wikipedia.org_all-access_all-agents",12198,"2016-01-01 00:00:00"
"Asperger_syndrome_en.wikipedia.org_all-access_all-agents",11100,"2016-01-01 00:00:00"
"Asperger_syndrome_en.wikipedia.org_mobile-web_all-agents",7346,"2016-01-01 00:00:00"
"Assassin's_Creed_en.wikipedia.org_all-access_all-agents",14379,"2016-01-01 00:00:00"
"Attack_on_Titan_en.wikipedia.org_all-access_all-agents",10083,"2016-01-01 00:00:00"
"Audrey_Hepburn_en.wikipedia.org_all-access_all-agents",16966,"2016-01-01 00:00:00"
"Audrey_Hepburn_en.wikipedia.org_mobile-web_all-agents",12264,"2016-01-01 00:00:00"
"Australia_en.wikipedia.org_all-access_all-agents",16707,"2016-01-01 00:00:00"
"Australia_en.wikipedia.org_desktop_all-agents",7482,"2016-01-01 00:00:00"
"Avatar_(2009_film)_en.wikipedia.org_all-access_all-agents",17690,"2016-01-01 00:00:00"
"Avengers:_Age_of_Ultron_en.wikipedia.org_all-access_all-agents",21610,"2016-01-01 00:00:00"
"Avengers:_Age_of_Ultron_en.wikipedia.org_desktop_all-agents",7753,"2016-01-01 00:00:00"
"Avengers:_Age_of_Ultron_en.wikipedia.org_mobile-web_all-agents",13085,"2016-01-01 00:00:00"
"BDSM_en.wikipedia.org_all-access_all-agents",10986,"2016-01-01 00:00:00"
"BDSM_en.wikipedia.org_mobile-web_all-agents",7287,"2016-01-01 00:00:00"
"Bajrangi_Bhaijaan_en.wikipedia.org_mobile-web_all-agents",9181,"2016-01-01 00:00:00"
"Ballers_en.wikipedia.org_all-access_all-agents",2174,"2016-01-01 00:00:00"
"Baloncesto_es.wikipedia.org_all-access_all-agents",987,"2016-01-01 00:00:00"
"Bangladesh_en.wikipedia.org_all-access_all-agents",8952,"2016-01-01 00:00:00"
"Barack_Obama_en.wikipedia.org_all-access_all-agents",27849,"2016-01-01 00:00:00"
"Barack_Obama_en.wikipedia.org_desktop_all-agents",10594,"2016-01-01 00:00:00"
"Barack_Obama_en.wikipedia.org_mobile-web_all-agents",16653,"2016-01-01 00:00:00"
"Batman_en.wikipedia.org_all-access_all-agents",8994,"2016-01-01 00:00:00"
"Batman_v_Superman:_Dawn_of_Justice_en.wikipedia.org_all-access_all-agents",18535,"2016-01-01 00:00:00"
"Batman_v_Superman:_Dawn_of_Justice_en.wikipedia.org_desktop_all-agents",8202,"2016-01-01 00:00:00"
"Battle_of_the_Somme_en.wikipedia.org_all-access_all-agents",1917,"2016-01-01 00:00:00"
"Belgium_en.wikipedia.org_all-access_all-agents",7186,"2016-01-01 00:00:00"
"Bella_Thorne_en.wikipedia.org_all-access_all-agents",6073,"2016-01-01 00:00:00"
"Bella_Thorne_en.wikipedia.org_desktop_all-agents",2122,"2016-01-01 00:00:00"
"Bella_Thorne_en.wikipedia.org_mobile-web_all-agents",3846,"2016-01-01 00:00:00"
"Ben_Affleck_en.wikipedia.org_all-access_all-agents",13689,"2016-01-01 00:00:00"
"Ben_Affleck_en.wikipedia.org_desktop_all-agents",4189,"2016-01-01 00:00:00"
"Ben_Affleck_en.wikipedia.org_mobile-web_all-agents",9260,"2016-01-01 00:00:00"
"Ben_Carson_en.wikipedia.org_all-access_all-agents",10956,"2016-01-01 00:00:00"
"Benjamin_Franklin_en.wikipedia.org_all-access_all-agents",6564,"2016-01-01 00:00:00"
"Bermuda_Triangle_en.wikipedia.org_all-access_all-agents",7249,"2016-01-01 00:00:00"
"Bernie_Sanders_en.wikipedia.org_all-access_all-agents",15543,"2016-01-01 00:00:00"
"Bernie_Sanders_en.wikipedia.org_desktop_all-agents",5092,"2016-01-01 00:00:00"
"Bernie_Sanders_en.wikipedia.org_mobile-web_all-agents",10141,"2016-01-01 00:00:00"
"BeyoncÃ©_en.wikipedia.org_all-access_all-agents",10767,"2016-01-01 00:00:00"
"Bill_Clinton_en.wikipedia.org_all-access_all-agents",11159,"2016-01-01 00:00:00"
"Bill_Gates_en.wikipedia.org_all-access_all-agents",11783,"2016-01-01 00:00:00"
"Bill_Gates_en.wikipedia.org_desktop_all-agents",4210,"2016-01-01 00:00:00"
"Bill_Gates_en.wikipedia.org_mobile-web_all-agents",7397,"2016-01-01 00:00:00"
"Bipolar_disorder_en.wikipedia.org_all-access_all-agents",8989,"2016-01-01 00:00:00"
"Bitcoin_en.wikipedia.org_all-access_all-agents",6917,"2016-01-01 00:00:00"
"Blake_Lively_en.wikipedia.org_all-access_all-agents",14472,"2016-01-01 00:00:00"
"Bob_Marley_en.wikipedia.org_all-access_all-agents",12127,"2016-01-01 00:00:00"
"Bolivia_es.wikipedia.org_all-access_all-agents",3194,"2016-01-01 00:00:00"
"Bones_(TV_series)_en.wikipedia.org_all-access_all-agents",6345,"2016-01-01 00:00:00"
"Bonnie_and_Clyde_en.wikipedia.org_all-access_all-agents",9039,"2016-01-01 00:00:00"
"Borderline_personality_disorder_en.wikipedia.org_all-access_all-agents",7710,"2016-01-01 00:00:00"
"Brad_Pitt_en.wikipedia.org_all-access_all-agents",17567,"2016-01-01 00:00:00"
"Bradley_Cooper_en.wikipedia.org_all-access_all-agents",24133,"2016-01-01 00:00:00"
"Brazil_en.wikipedia.org_all-access_all-agents",9229,"2016-01-01 00:00:00"
"Brazil_national_football_team_en.wikipedia.org_all-access_all-agents",2753,"2016-01-01 00:00:00"
"Breaking_Bad_en.wikipedia.org_all-access_all-agents",15597,"2016-01-01 00:00:00"
"Brian_Wilson_en.wikipedia.org_all-access_all-agents",15039,"2016-01-01 00:00:00"
"Britney_Spears_en.wikipedia.org_all-access_all-agents",9678,"2016-01-01 00:00:00"
"Brittany_Murphy_en.wikipedia.org_all-access_all-agents",13186,"2016-01-01 00:00:00"
"Brock_Lesnar_en.wikipedia.org_all-access_all-agents",8929,"2016-01-01 00:00:00"
"Bruce_Lee_en.wikipedia.org_all-access_all-agents",16272,"2016-01-01 00:00:00"
"Bruno_Mars_en.wikipedia.org_all-access_all-agents",10264,"2016-01-01 00:00:00"
"Bryce_Dallas_Howard_en.wikipedia.org_all-access_all-agents",9636,"2016-01-01 00:00:00"
"Bryce_Dallas_Howard_en.wikipedia.org_mobile-web_all-agents",6667,"2016-01-01 00:00:00"
"Buddhism_en.wikipedia.org_all-access_all-agents",7693,"2016-01-01 00:00:00"
"Burj_Khalifa_en.wikipedia.org_all-access_all-agents",46833,"2016-01-01 00:00:00"
"Caitlyn_Jenner_en.wikipedia.org_all-access_all-agents",27512,"2016-01-01 00:00:00"
"Caitlyn_Jenner_en.wikipedia.org_desktop_all-agents",7075,"2016-01-01 00:00:00"
"Caitlyn_Jenner_en.wikipedia.org_mobile-web_all-agents",20006,"2016-01-01 00:00:00"
"California_en.wikipedia.org_all-access_all-agents",11338,"2016-01-01 00:00:00"
"Calvin_Harris_en.wikipedia.org_all-access_all-agents",9938,"2016-01-01 00:00:00"
"Calvin_Harris_en.wikipedia.org_mobile-web_all-agents",6335,"2016-01-01 00:00:00"
"Cameron_Diaz_en.wikipedia.org_all-access_all-agents",12761,"2016-01-01 00:00:00"
"Canada_Day_en.wikipedia.org_desktop_all-agents",169,"2016-01-01 00:00:00"
"Canada_en.wikipedia.org_all-access_all-agents",17598,"2016-01-01 00:00:00"
"Canada_en.wikipedia.org_desktop_all-agents",7979,"2016-01-01 00:00:00"
"Canada_en.wikipedia.org_mobile-web_all-agents",9236,"2016-01-01 00:00:00"
"Captain_America:_Civil_War_en.wikipedia.org_all-access_all-agents",24067,"2016-01-01 00:00:00"
"Captain_America:_Civil_War_en.wikipedia.org_desktop_all-agents",9783,"2016-01-01 00:00:00"
"Captain_America:_Civil_War_en.wikipedia.org_mobile-web_all-agents",13659,"2016-01-01 00:00:00"
"Cara_Delevingne_en.wikipedia.org_all-access_all-agents",15371,"2016-01-01 00:00:00"
"Cara_Delevingne_en.wikipedia.org_desktop_all-agents",4658,"2016-01-01 00:00:00"
"Cara_Delevingne_en.wikipedia.org_mobile-web_all-agents",10518,"2016-01-01 00:00:00"
"Cards_Against_Humanity_en.wikipedia.org_mobile-web_all-agents",19925,"2016-01-01 00:00:00"
"Carlos_Slim_es.wikipedia.org_all-access_all-agents",1250,"2016-01-01 00:00:00"
"Casey_Affleck_en.wikipedia.org_all-access_all-agents",5572,"2016-01-01 00:00:00"
"Cat_en.wikipedia.org_all-access_all-agents",7299,"2016-01-01 00:00:00"
"Channing_Tatum_en.wikipedia.org_all-access_all-agents",16229,"2016-01-01 00:00:00"
"Channing_Tatum_en.wikipedia.org_desktop_all-agents",4285,"2016-01-01 00:00:00"
"Channing_Tatum_en.wikipedia.org_mobile-web_all-agents",11656,"2016-01-01 00:00:00"
"Charles_Manson_en.wikipedia.org_all-access_all-agents",12723,"2016-01-01 00:00:00"
"Charles_Manson_en.wikipedia.org_mobile-web_all-agents",9238,"2016-01-01 00:00:00"
"Charlie_Chaplin_en.wikipedia.org_all-access_all-agents",10542,"2016-01-01 00:00:00"
"Charlie_Puth_en.wikipedia.org_all-access_all-agents",20653,"2016-01-01 00:00:00"
"Charlize_Theron_en.wikipedia.org_all-access_all-agents",11044,"2016-01-01 00:00:00"
"Che_Guevara_en.wikipedia.org_all-access_all-agents",9077,"2016-01-01 00:00:00"
"Chelsea_F.C._en.wikipedia.org_all-access_all-agents",6192,"2016-01-01 00:00:00"
"Chernobyl_disaster_en.wikipedia.org_all-access_all-agents",16085,"2016-01-01 00:00:00"
"Chernobyl_disaster_en.wikipedia.org_mobile-web_all-agents",10974,"2016-01-01 00:00:00"
"Chicago_en.wikipedia.org_all-access_all-agents",8409,"2016-01-01 00:00:00"
"Chile_es.wikipedia.org_all-access_all-agents",2424,"2016-01-01 00:00:00"
"China_Netcom_en.wikipedia.org_desktop_all-agents",7477,"2016-01-01 00:00:00"
"China_en.wikipedia.org_all-access_all-agents",16974,"2016-01-01 00:00:00"
"China_en.wikipedia.org_desktop_all-agents",9797,"2016-01-01 00:00:00"
"ChloÃ«_Grace_Moretz_en.wikipedia.org_all-access_all-agents",10690,"2016-01-01 00:00:00"
"Chris_Brown_en.wikipedia.org_all-access_all-agents",11327,"2016-01-01 00:00:00"
"Chris_Brown_en.wikipedia.org_mobile-web_all-agents",8209,"2016-01-01 00:00:00"
"Chris_Christie_en.wikipedia.org_desktop_all-agents",816,"2016-01-01 00:00:00"
"Chris_Evans_(actor)_en.wikipedia.org_all-access_all-agents",11991,"2016-01-01 00:00:00"
"Chris_Farley_en.wikipedia.org_mobile-web_all-agents",3305,"2016-01-01 00:00:00"
"Chris_Hemsworth_en.wikipedia.org_all-access_all-agents",14712,"2016-01-01 00:00:00"
"Chris_Kyle_en.wikipedia.org_all-access_all-agents",29521,"2016-01-01 00:00:00"
"Chris_Kyle_en.wikipedia.org_mobile-web_all-agents",22996,"2016-01-01 00:00:00"
"Chris_Pratt_en.wikipedia.org_all-access_all-agents",15106,"2016-01-01 00:00:00"
"Chris_Pratt_en.wikipedia.org_desktop_all-agents",4478,"2016-01-01 00:00:00"
"Chris_Pratt_en.wikipedia.org_mobile-web_all-agents",10280,"2016-01-01 00:00:00"
"Chrisley_Knows_Best_en.wikipedia.org_all-access_all-agents",3462,"2016-01-01 00:00:00"
"Chrisley_Knows_Best_en.wikipedia.org_mobile-web_all-agents",2930,"2016-01-01 00:00:00"
"Chrissy_Teigen_en.wikipedia.org_all-access_all-agents",10213,"2016-01-01 00:00:00"
"Chrissy_Teigen_en.wikipedia.org_desktop_all-agents",2013,"2016-01-01 00:00:00"
"Chrissy_Teigen_en.wikipedia.org_mobile-web_all-agents",8044,"2016-01-01 00:00:00"
"Christian_Bale_en.wikipedia.org_all-access_all-agents",15582,"2016-01-01 00:00:00"
"Christopher_Columbus_en.wikipedia.org_all-access_all-agents",6032,"2016-01-01 00:00:00"
"Ciara_en.wikipedia.org_all-access_all-agents",5797,"2016-01-01 00:00:00"
"Clarence_Thomas_en.wikipedia.org_all-access_all-agents",1288,"2016-01-01 00:00:00"
"Clint_Eastwood_en.wikipedia.org_all-access_all-agents",14694,"2016-01-01 00:00:00"
"Colin_Farrell_en.wikipedia.org_all-access_all-agents",6333,"2016-01-01 00:00:00"
"Computer_en.wikipedia.org_all-access_all-agents",4587,"2016-01-01 00:00:00"
"Conor_McGregor_en.wikipedia.org_all-access_all-agents",20170,"2016-01-01 00:00:00"
"Conor_McGregor_en.wikipedia.org_desktop_all-agents",7682,"2016-01-01 00:00:00"
"Conor_McGregor_en.wikipedia.org_mobile-web_all-agents",12180,"2016-01-01 00:00:00"
"ContaminaciÃ³n_es.wikipedia.org_all-access_all-agents",315,"2016-01-01 00:00:00"
"Copa_AmÃ©rica_2011_es.wikipedia.org_all-access_all-agents",160,"2016-01-01 00:00:00"
"Copa_AmÃ©rica_2015_es.wikipedia.org_all-access_all-agents",531,"2016-01-01 00:00:00"
"Copa_AmÃ©rica_2015_es.wikipedia.org_desktop_all-agents",262,"2016-01-01 00:00:00"
"Copa_AmÃ©rica_2015_es.wikipedia.org_mobile-web_all-agents",265,"2016-01-01 00:00:00"
"Copa_AmÃ©rica_2015_fr.wikipedia.org_all-access_all-agents",201,"2016-01-01 00:00:00"
"Copa_AmÃ©rica_Centenario_en.wikipedia.org_all-access_all-agents",8029,"2016-01-01 00:00:00"
"Copa_AmÃ©rica_Centenario_es.wikipedia.org_all-access_all-agents",3918,"2016-01-01 00:00:00"
"Copa_AmÃ©rica_Centenario_es.wikipedia.org_desktop_all-agents",1347,"2016-01-01 00:00:00"
"Copa_AmÃ©rica_Centenario_es.wikipedia.org_mobile-web_all-agents",2535,"2016-01-01 00:00:00"
"Copa_AmÃ©rica_en.wikipedia.org_all-access_all-agents",1270,"2016-01-01 00:00:00"
"Copa_AmÃ©rica_en.wikipedia.org_desktop_all-agents",557,"2016-01-01 00:00:00"
"Copa_AmÃ©rica_en.wikipedia.org_mobile-web_all-agents",691,"2016-01-01 00:00:00"
"Copa_AmÃ©rica_es.wikipedia.org_all-access_all-agents",1040,"2016-01-01 00:00:00"
"Copa_AmÃ©rica_es.wikipedia.org_desktop_all-agents",414,"2016-01-01 00:00:00"
"Copa_AmÃ©rica_es.wikipedia.org_mobile-web_all-agents",610,"2016-01-01 00:00:00"
"Copa_Mundial_de_FÃºtbol_de_2014_es.wikipedia.org_all-access_all-agents",1030,"2016-01-01 00:00:00"
"Copa_Mundial_de_FÃºtbol_es.wikipedia.org_all-access_all-agents",1482,"2016-01-01 00:00:00"
"Courteney_Cox_en.wikipedia.org_all-access_all-agents",9352,"2016-01-01 00:00:00"
"Creed_(film)_en.wikipedia.org_all-access_all-agents",35465,"2016-01-01 00:00:00"
"Creed_(film)_en.wikipedia.org_desktop_all-agents",11639,"2016-01-01 00:00:00"
"Creed_(film)_en.wikipedia.org_mobile-web_all-agents",22947,"2016-01-01 00:00:00"
"Criminal_Minds_en.wikipedia.org_all-access_all-agents",9717,"2016-01-01 00:00:00"
"Cristiano_Ronaldo_en.wikipedia.org_all-access_all-agents",21529,"2016-01-01 00:00:00"
"Cristiano_Ronaldo_en.wikipedia.org_desktop_all-agents",6314,"2016-01-01 00:00:00"
"Cristiano_Ronaldo_en.wikipedia.org_mobile-web_all-agents",14942,"2016-01-01 00:00:00"
"Cristiano_Ronaldo_es.wikipedia.org_all-access_all-agents",6055,"2016-01-01 00:00:00"
"Croatia_en.wikipedia.org_all-access_all-agents",13034,"2016-01-01 00:00:00"
"Crohn's_disease_en.wikipedia.org_all-access_all-agents",8119,"2016-01-01 00:00:00"
"Cuba_en.wikipedia.org_all-access_all-agents",6458,"2016-01-01 00:00:00"
"Cyprus_en.wikipedia.org_all-access_all-agents",6873,"2016-01-01 00:00:00"
"Czech_Republic_en.wikipedia.org_all-access_all-agents",5446,"2016-01-01 00:00:00"
"D._B._Cooper_en.wikipedia.org_all-access_all-agents",2184,"2016-01-01 00:00:00"
"DC_Universe_Animated_Original_Movies_en.wikipedia.org_all-access_all-agents",7087,"2016-01-01 00:00:00"
"Daenerys_Targaryen_en.wikipedia.org_all-access_all-agents",2705,"2016-01-01 00:00:00"
"Dakota_Johnson_en.wikipedia.org_all-access_all-agents",10391,"2016-01-01 00:00:00"
"Dakota_Johnson_es.wikipedia.org_all-access_all-agents",1228,"2016-01-01 00:00:00"
"Dakota_Johnson_es.wikipedia.org_mobile-web_all-agents",954,"2016-01-01 00:00:00"
"Dan_Bilzerian_en.wikipedia.org_all-access_all-agents",10310,"2016-01-01 00:00:00"
"Dan_Bilzerian_en.wikipedia.org_desktop_all-agents",2265,"2016-01-01 00:00:00"
"Dan_Bilzerian_en.wikipedia.org_mobile-web_all-agents",7900,"2016-01-01 00:00:00"
"Daredevil_(TV_series)_en.wikipedia.org_all-access_all-agents",10555,"2016-01-01 00:00:00"
"Dark_Matter_(TV_series)_en.wikipedia.org_all-access_all-agents",5947,"2016-01-01 00:00:00"
"David_Attenborough_en.wikipedia.org_all-access_all-agents",13803,"2016-01-01 00:00:00"
"David_Beckham_en.wikipedia.org_all-access_all-agents",11099,"2016-01-01 00:00:00"
"David_Beckham_en.wikipedia.org_mobile-web_all-agents",8171,"2016-01-01 00:00:00"
"Deadpool_en.wikipedia.org_all-access_all-agents",20855,"2016-01-01 00:00:00"
"Deaths_in_2015_en.wikipedia.org_all-access_all-agents",97879,"2016-01-01 00:00:00"
"Deaths_in_2015_en.wikipedia.org_desktop_all-agents",52642,"2016-01-01 00:00:00"
"Deaths_in_2015_en.wikipedia.org_mobile-web_all-agents",40446,"2016-01-01 00:00:00"
"DeclaraciÃ³n_de_independencia_de_la_Argentina_es.wikipedia.org_all-access_all-agents",217,"2016-01-01 00:00:00"
"Demi_Lovato_en.wikipedia.org_all-access_all-agents",41849,"2016-01-01 00:00:00"
"Demi_Lovato_en.wikipedia.org_mobile-web_all-agents",33196,"2016-01-01 00:00:00"
"Denmark_en.wikipedia.org_all-access_all-agents",7976,"2016-01-01 00:00:00"
"Deutschland_de.wikipedia.org_all-access_all-agents",16488,"2016-01-01 00:00:00"
"Deutschland_de.wikipedia.org_desktop_all-agents",6200,"2016-01-01 00:00:00"
"Diana,_Princess_of_Wales_en.wikipedia.org_all-access_all-agents",9762,"2016-01-01 00:00:00"
"Diana,_Princess_of_Wales_en.wikipedia.org_desktop_all-agents",2870,"2016-01-01 00:00:00"
"Diana,_Princess_of_Wales_en.wikipedia.org_mobile-web_all-agents",6710,"2016-01-01 00:00:00"
"Dilwale_(2015_film)_en.wikipedia.org_all-access_all-agents",94218,"2016-01-01 00:00:00"
"Divergent_(film)_en.wikipedia.org_all-access_all-agents",13936,"2016-01-01 00:00:00"
"Doctor_Who_en.wikipedia.org_all-access_all-agents",17026,"2016-01-01 00:00:00"
"Dog_en.wikipedia.org_all-access_all-agents",6778,"2016-01-01 00:00:00"
"Domhnall_Gleeson_en.wikipedia.org_all-access_all-agents",23165,"2016-01-01 00:00:00"
"Donald_Glover_en.wikipedia.org_all-access_all-agents",9516,"2016-01-01 00:00:00"
"Donald_Trump_en.wikipedia.org_all-access_all-agents",50601,"2016-01-01 00:00:00"
"Donald_Trump_en.wikipedia.org_desktop_all-agents",16902,"2016-01-01 00:00:00"
"Donald_Trump_en.wikipedia.org_mobile-web_all-agents",32746,"2016-01-01 00:00:00"
"Donald_Trump_es.wikipedia.org_all-access_all-agents",2840,"2016-01-01 00:00:00"
"Donald_Trump_es.wikipedia.org_desktop_all-agents",797,"2016-01-01 00:00:00"
"Donald_Trump_es.wikipedia.org_mobile-web_all-agents",2011,"2016-01-01 00:00:00"
"Dr._Dre_en.wikipedia.org_all-access_all-agents",20767,"2016-01-01 00:00:00"
"Dragon_Ball_Super_en.wikipedia.org_all-access_all-agents",9841,"2016-01-01 00:00:00"
"Drake_(rapper)_en.wikipedia.org_all-access_all-agents",20403,"2016-01-01 00:00:00"
"Dubai_en.wikipedia.org_all-access_all-agents",45286,"2016-01-01 00:00:00"
"Dunningâ€“Kruger_effect_en.wikipedia.org_all-access_all-agents",3714,"2016-01-01 00:00:00"
"Dunningâ€“Kruger_effect_en.wikipedia.org_desktop_all-agents",1985,"2016-01-01 00:00:00"
"Dunningâ€“Kruger_effect_en.wikipedia.org_mobile-web_all-agents",1694,"2016-01-01 00:00:00"
"Dwayne_Johnson_en.wikipedia.org_all-access_all-agents",27941,"2016-01-01 00:00:00"
"Dwayne_Johnson_en.wikipedia.org_desktop_all-agents",6113,"2016-01-01 00:00:00"
"Dwayne_Johnson_en.wikipedia.org_mobile-web_all-agents",21326,"2016-01-01 00:00:00"
"Dwyane_Wade_en.wikipedia.org_all-access_all-agents",3513,"2016-01-01 00:00:00"
"Dylan_O'Brien_en.wikipedia.org_mobile-web_all-agents",7315,"2016-01-01 00:00:00"
"Dylann_Roof_en.wikipedia.org_all-access_all-agents",1280,"2016-01-01 00:00:00"
"Dylann_Roof_en.wikipedia.org_mobile-web_all-agents",712,"2016-01-01 00:00:00"
"Earth_en.wikipedia.org_all-access_all-agents",6703,"2016-01-01 00:00:00"
"Eazy-E_en.wikipedia.org_all-access_all-agents",22074,"2016-01-01 00:00:00"
"Ed_Sheeran_en.wikipedia.org_all-access_all-agents",18585,"2016-01-01 00:00:00"
"Ed_Sheeran_en.wikipedia.org_mobile-web_all-agents",13696,"2016-01-01 00:00:00"
"Eduardo_Vargas_en.wikipedia.org_all-access_all-agents",527,"2016-01-01 00:00:00"
"Eduardo_Vargas_en.wikipedia.org_mobile-web_all-agents",280,"2016-01-01 00:00:00"
"Eduardo_Vargas_es.wikipedia.org_all-access_all-agents",227,"2016-01-01 00:00:00"
"Edward_Snowden_en.wikipedia.org_all-access_all-agents",8868,"2016-01-01 00:00:00"
"Edward_Snowden_en.wikipedia.org_desktop_all-agents",3393,"2016-01-01 00:00:00"
"Edward_Snowden_en.wikipedia.org_mobile-web_all-agents",5328,"2016-01-01 00:00:00"
"Egypt_en.wikipedia.org_all-access_all-agents",9058,"2016-01-01 00:00:00"
"El_seÃ±or_de_los_cielos_es.wikipedia.org_all-access_all-agents",5868,"2016-01-01 00:00:00"
"Elena_Delle_Donne_en.wikipedia.org_mobile-web_all-agents",1181,"2016-01-01 00:00:00"
"Elizabeth_II_en.wikipedia.org_all-access_all-agents",19109,"2016-01-01 00:00:00"
"Elizabeth_II_en.wikipedia.org_desktop_all-agents",6209,"2016-01-01 00:00:00"
"Elizabeth_II_en.wikipedia.org_mobile-web_all-agents",12361,"2016-01-01 00:00:00"
"Elizabeth_I_of_England_en.wikipedia.org_all-access_all-agents",9304,"2016-01-01 00:00:00"
"Elon_Musk_en.wikipedia.org_all-access_all-agents",18172,"2016-01-01 00:00:00"
"Elon_Musk_en.wikipedia.org_desktop_all-agents",7306,"2016-01-01 00:00:00"
"Elvis_Presley_en.wikipedia.org_all-access_all-agents",20733,"2016-01-01 00:00:00"
"Emilia_Clarke_en.wikipedia.org_all-access_all-agents",11052,"2016-01-01 00:00:00"
"Emilia_Clarke_en.wikipedia.org_desktop_all-agents",3835,"2016-01-01 00:00:00"
"Emilia_Clarke_en.wikipedia.org_mobile-web_all-agents",6980,"2016-01-01 00:00:00"
"Emilia_Clarke_fr.wikipedia.org_all-access_all-agents",1438,"2016-01-01 00:00:00"
"Emily_Ratajkowski_en.wikipedia.org_all-access_all-agents",6603,"2016-01-01 00:00:00"
"Eminem_en.wikipedia.org_all-access_all-agents",17964,"2016-01-01 00:00:00"
"Eminem_en.wikipedia.org_desktop_all-agents",6188,"2016-01-01 00:00:00"
"Eminem_en.wikipedia.org_mobile-web_all-agents",11477,"2016-01-01 00:00:00"
"Emma_Roberts_en.wikipedia.org_all-access_all-agents",14132,"2016-01-01 00:00:00"
"Emma_Watson_en.wikipedia.org_all-access_all-agents",17174,"2016-01-01 00:00:00"
"Empire_(2015_TV_series)_en.wikipedia.org_all-access_all-agents",9174,"2016-01-01 00:00:00"
"Empire_(2015_TV_series)_en.wikipedia.org_mobile-web_all-agents",5575,"2016-01-01 00:00:00"
"Enfermedad_de_Lyme_es.wikipedia.org_all-access_all-agents",700,"2016-01-01 00:00:00"
"Enfermedad_de_Lyme_es.wikipedia.org_desktop_all-agents",182,"2016-01-01 00:00:00"
"Enfermedad_de_Lyme_es.wikipedia.org_mobile-web_all-agents",514,"2016-01-01 00:00:00"
"England_en.wikipedia.org_all-access_all-agents",10098,"2016-01-01 00:00:00"
"English_language_en.wikipedia.org_all-access_all-agents",8211,"2016-01-01 00:00:00"
"Ernest_Hemingway_en.wikipedia.org_all-access_all-agents",7800,"2016-01-01 00:00:00"
"EspaÃ±a_es.wikipedia.org_all-access_all-agents",8284,"2016-01-01 00:00:00"
"Especial:Buscar_es.wikipedia.org_all-access_all-agents",95553,"2016-01-01 00:00:00"
"Especial:Buscar_es.wikipedia.org_desktop_all-agents",85390,"2016-01-01 00:00:00"
"Especial:Buscar_es.wikipedia.org_mobile-web_all-agents",10163,"2016-01-01 00:00:00"
"Especial:BÃºsquedaDeEnlaces_es.wikipedia.org_all-access_all-agents",15616,"2016-01-01 00:00:00"
"Especial:BÃºsquedaDeEnlaces_es.wikipedia.org_desktop_all-agents",15615,"2016-01-01 00:00:00"
"Especial:Entrar_es.wikipedia.org_all-access_all-agents",20529,"2016-01-01 00:00:00"
"Especial:Entrar_es.wikipedia.org_all-access_spider",2612,"2016-01-01 00:00:00"
"Especial:Entrar_es.wikipedia.org_desktop_all-agents",11725,"2016-01-01 00:00:00"
"Especial:Entrar_es.wikipedia.org_mobile-web_all-agents",8804,"2016-01-01 00:00:00"
"Especial:Libro_es.wikipedia.org_all-access_all-agents",9745,"2016-01-01 00:00:00"
"Especial:Libro_es.wikipedia.org_desktop_all-agents",9633,"2016-01-01 00:00:00"
"Estados_Unidos_es.wikipedia.org_all-access_all-agents",7785,"2016-01-01 00:00:00"
"Eugenie_Bouchard_en.wikipedia.org_all-access_all-agents",728,"2016-01-01 00:00:00"
"Europe_en.wikipedia.org_all-access_all-agents",7318,"2016-01-01 00:00:00"
"European_Union_en.wikipedia.org_all-access_all-agents",6414,"2016-01-01 00:00:00"
"European_Union_en.wikipedia.org_desktop_all-agents",3688,"2016-01-01 00:00:00"
"Eva_Green_en.wikipedia.org_all-access_all-agents",9687,"2016-01-01 00:00:00"
"Evan_Spiegel_en.wikipedia.org_all-access_all-agents",2733,"2016-01-01 00:00:00"
"Ex_Machina_(film)_en.wikipedia.org_all-access_all-agents",19825,"2016-01-01 00:00:00"
"FC_Barcelona_en.wikipedia.org_all-access_all-agents",9456,"2016-01-01 00:00:00"
"FC_Bayern_Munich_en.wikipedia.org_all-access_all-agents",4063,"2016-01-01 00:00:00"
"FIFA_World_Cup_en.wikipedia.org_all-access_all-agents",4399,"2016-01-01 00:00:00"
"FIFA_World_Cup_en.wikipedia.org_desktop_all-agents",1763,"2016-01-01 00:00:00"
"FIFA_World_Cup_en.wikipedia.org_mobile-web_all-agents",2508,"2016-01-01 00:00:00"
"Facebook_en.wikipedia.org_all-access_all-agents",41062,"2016-01-01 00:00:00"
"Facebook_en.wikipedia.org_desktop_all-agents",17405,"2016-01-01 00:00:00"
"Facebook_en.wikipedia.org_mobile-web_all-agents",23434,"2016-01-01 00:00:00"
"Facebook_es.wikipedia.org_all-access_all-agents",5705,"2016-01-01 00:00:00"
"Facebook_es.wikipedia.org_mobile-web_all-agents",3907,"2016-01-01 00:00:00"
"Fantastic_Four_(2015_film)_en.wikipedia.org_all-access_all-agents",11277,"2016-01-01 00:00:00"
"Fate/stay_night_ja.wikipedia.org_all-access_all-agents",3995,"2016-01-01 00:00:00"
"Fear_the_Walking_Dead_en.wikipedia.org_all-access_all-agents",8873,"2016-01-01 00:00:00"
"Fetty_Wap_en.wikipedia.org_all-access_all-agents",20032,"2016-01-01 00:00:00"
"Fetty_Wap_en.wikipedia.org_desktop_all-agents",4589,"2016-01-01 00:00:00"
"Fetty_Wap_en.wikipedia.org_mobile-web_all-agents",15164,"2016-01-01 00:00:00"
"Fidel_Castro_en.wikipedia.org_all-access_all-agents",6500,"2016-01-01 00:00:00"
"Fifth_Harmony_en.wikipedia.org_all-access_all-agents",8348,"2016-01-01 00:00:00"
"Fifty_Shades_of_Grey_(film)_en.wikipedia.org_all-access_all-agents",13392,"2016-01-01 00:00:00"
"Fifty_Shades_of_Grey_(film)_en.wikipedia.org_mobile-web_all-agents",9052,"2016-01-01 00:00:00"
"Fifty_Shades_of_Grey_en.wikipedia.org_all-access_all-agents",13928,"2016-01-01 00:00:00"
"Fifty_Shades_of_Grey_en.wikipedia.org_mobile-web_all-agents",10233,"2016-01-01 00:00:00"
"File:1x1.png_commons.wikimedia.org_all-access_all-agents",18153,"2016-01-01 00:00:00"
"File:Transparent.gif_commons.wikimedia.org_all-access_all-agents",11491,"2016-01-01 00:00:00"
"File:Transparent.gif_commons.wikimedia.org_desktop_all-agents",10494,"2016-01-01 00:00:00"
"First_Amendment_to_the_United_States_Constitution_en.wikipedia.org_all-access_all-agents",2930,"2016-01-01 00:00:00"
"Flag_of_the_United_States_en.wikipedia.org_all-access_all-agents",3399,"2016-01-01 00:00:00"
"Flash_(sÃ©rie_tÃ©lÃ©visÃ©e,_2014)_fr.wikipedia.org_all-access_all-agents",1190,"2016-01-01 00:00:00"
"Flash_(sÃ©rie_tÃ©lÃ©visÃ©e,_2014)_fr.wikipedia.org_mobile-web_all-agents",497,"2016-01-01 00:00:00"
"Floyd_Mayweather,_Jr._en.wikipedia.org_all-access_all-agents",7211,"2016-01-01 00:00:00"
"France_en.wikipedia.org_all-access_all-agents",11593,"2016-01-01 00:00:00"
"France_en.wikipedia.org_desktop_all-agents",6990,"2016-01-01 00:00:00"
"Francisco_(papa)_es.wikipedia.org_all-access_all-agents",3210,"2016-01-01 00:00:00"
"Frank_Sinatra_en.wikipedia.org_all-access_all-agents",40990,"2016-01-01 00:00:00"
"Franklin_D._Roosevelt_en.wikipedia.org_all-access_all-agents",10701,"2016-01-01 00:00:00"
"Freddie_Mercury_en.wikipedia.org_all-access_all-agents",18792,"2016-01-01 00:00:00"
"Freddie_Mercury_en.wikipedia.org_desktop_all-agents",6005,"2016-01-01 00:00:00"
"Freddie_Mercury_en.wikipedia.org_mobile-web_all-agents",12442,"2016-01-01 00:00:00"
"Friends_en.wikipedia.org_all-access_all-agents",12891,"2016-01-01 00:00:00"
"Friends_en.wikipedia.org_mobile-web_all-agents",8114,"2016-01-01 00:00:00"
"Frozen_(2013_film)_en.wikipedia.org_all-access_all-agents",15450,"2016-01-01 00:00:00"
"Furious_7_en.wikipedia.org_all-access_all-agents",12952,"2016-01-01 00:00:00"
"Furious_7_en.wikipedia.org_desktop_all-agents",5388,"2016-01-01 00:00:00"
"Furious_7_en.wikipedia.org_mobile-web_all-agents",7305,"2016-01-01 00:00:00"
"FÃºtbol_es.wikipedia.org_all-access_all-agents",1455,"2016-01-01 00:00:00"
"Game_of_Thrones_(season_5)_en.wikipedia.org_all-access_all-agents",8429,"2016-01-01 00:00:00"
"Game_of_Thrones_(season_5)_en.wikipedia.org_desktop_all-agents",3262,"2016-01-01 00:00:00"
"Game_of_Thrones_(season_5)_en.wikipedia.org_mobile-web_all-agents",4949,"2016-01-01 00:00:00"
"Game_of_Thrones_de.wikipedia.org_all-access_all-agents",12717,"2016-01-01 00:00:00"
"Game_of_Thrones_de.wikipedia.org_desktop_all-agents",4770,"2016-01-01 00:00:00"
"Game_of_Thrones_en.wikipedia.org_all-access_all-agents",29633,"2016-01-01 00:00:00"
"Game_of_Thrones_en.wikipedia.org_desktop_all-agents",12795,"2016-01-01 00:00:00"
"Game_of_Thrones_en.wikipedia.org_mobile-web_all-agents",15996,"2016-01-01 00:00:00"
"Genghis_Khan_en.wikipedia.org_all-access_all-agents",13168,"2016-01-01 00:00:00"
"George_H._W._Bush_en.wikipedia.org_all-access_all-agents",7391,"2016-01-01 00:00:00"
"George_W._Bush_en.wikipedia.org_all-access_all-agents",9143,"2016-01-01 00:00:00"
"George_Washington_en.wikipedia.org_all-access_all-agents",8243,"2016-01-01 00:00:00"
"Germany_en.wikipedia.org_all-access_all-agents",14225,"2016-01-01 00:00:00"
"Germany_en.wikipedia.org_desktop_all-agents",6841,"2016-01-01 00:00:00"
"Germany_national_football_team_en.wikipedia.org_all-access_all-agents",3118,"2016-01-01 00:00:00"
"Gigi_Hadid_en.wikipedia.org_all-access_all-agents",27566,"2016-01-01 00:00:00"
"Girl_Meets_World_en.wikipedia.org_all-access_all-agents",7181,"2016-01-01 00:00:00"
"Global_warming_en.wikipedia.org_all-access_all-agents",6357,"2016-01-01 00:00:00"
"Goldie_Hawn_en.wikipedia.org_all-access_all-agents",12294,"2016-01-01 00:00:00"
"Gone_Girl_(film)_en.wikipedia.org_all-access_all-agents",12041,"2016-01-01 00:00:00"
"Gone_Girl_(film)_en.wikipedia.org_mobile-web_all-agents",8080,"2016-01-01 00:00:00"
"Google_en.wikipedia.org_all-access_all-agents",31746,"2016-01-01 00:00:00"
"Google_en.wikipedia.org_desktop_all-agents",10743,"2016-01-01 00:00:00"
"Google_en.wikipedia.org_mobile-web_all-agents",20732,"2016-01-01 00:00:00"
"Gotham_(TV_series)_en.wikipedia.org_all-access_all-agents",12699,"2016-01-01 00:00:00"
"Grace_Kelly_en.wikipedia.org_mobile-web_all-agents",10363,"2016-01-01 00:00:00"
"Great_Wall_of_China_en.wikipedia.org_all-access_all-agents",7095,"2016-01-01 00:00:00"
"Great_Wall_of_China_en.wikipedia.org_mobile-web_all-agents",4128,"2016-01-01 00:00:00"
"Grecia_es.wikipedia.org_all-access_all-agents",1081,"2016-01-01 00:00:00"
"Greece_en.wikipedia.org_desktop_all-agents",6629,"2016-01-01 00:00:00"
"Greek_alphabet_en.wikipedia.org_all-access_all-agents",7545,"2016-01-01 00:00:00"
"Greenland_en.wikipedia.org_all-access_all-agents",8428,"2016-01-01 00:00:00"
"Grey's_Anatomy_en.wikipedia.org_all-access_all-agents",12726,"2016-01-01 00:00:00"
"Griechenland_de.wikipedia.org_all-access_all-agents",1528,"2016-01-01 00:00:00"
"Griechenland_de.wikipedia.org_desktop_all-agents",776,"2016-01-01 00:00:00"
"Guardians_of_the_Galaxy_(film)_en.wikipedia.org_all-access_all-agents",13034,"2016-01-01 00:00:00"
"Gucci_Mane_en.wikipedia.org_all-access_all-agents",11489,"2016-01-01 00:00:00"
"Guns_N'_Roses_es.wikipedia.org_all-access_all-agents",3482,"2016-01-01 00:00:00"
"Guns_N'_Roses_es.wikipedia.org_all-access_spider",10,"2016-01-01 00:00:00"
"Guns_N'_Roses_es.wikipedia.org_mobile-web_all-agents",2200,"2016-01-01 00:00:00"
"HTTP_404_en.wikipedia.org_all-access_all-agents",6910,"2016-01-01 00:00:00"
"HTTP_404_en.wikipedia.org_desktop_all-agents",6077,"2016-01-01 00:00:00"
"Halle_Berry_en.wikipedia.org_all-access_all-agents",6886,"2016-01-01 00:00:00"
"Harley_Quinn_en.wikipedia.org_all-access_all-agents",5232,"2016-01-01 00:00:00"
"Harry_Potter_(film_series)_en.wikipedia.org_all-access_all-agents",17449,"2016-01-01 00:00:00"
"Harry_Potter_en.wikipedia.org_all-access_all-agents",21637,"2016-01-01 00:00:00"
"Harry_Potter_en.wikipedia.org_mobile-web_all-agents",13532,"2016-01-01 00:00:00"
"Hauptseite_de.wikipedia.org_all-access_all-agents",33326,"2016-01-01 00:00:00"
"Hauptseite_de.wikipedia.org_desktop_all-agents",31450,"2016-01-01 00:00:00"
"Hawaii_en.wikipedia.org_all-access_all-agents",9395,"2016-01-01 00:00:00"
"Heath_Ledger_en.wikipedia.org_all-access_all-agents",12519,"2016-01-01 00:00:00"
"Heath_Ledger_en.wikipedia.org_mobile-web_all-agents",9007,"2016-01-01 00:00:00"
"Heidi_Klum_en.wikipedia.org_all-access_all-agents",3555,"2016-01-01 00:00:00"
"Heidi_Klum_en.wikipedia.org_mobile-web_all-agents",2315,"2016-01-01 00:00:00"
"Helgoland_de.wikipedia.org_all-access_all-agents",1350,"2016-01-01 00:00:00"
"Helgoland_de.wikipedia.org_desktop_all-agents",468,"2016-01-01 00:00:00"
"Help:Contents_en.wikipedia.org_desktop_all-agents",4397,"2016-01-01 00:00:00"
"Help:IPA_for_English_en.wikipedia.org_all-access_all-agents",24868,"2016-01-01 00:00:00"
"Help:IPA_for_English_en.wikipedia.org_desktop_all-agents",9797,"2016-01-01 00:00:00"
"Help:IPA_for_English_en.wikipedia.org_mobile-web_all-agents",14907,"2016-01-01 00:00:00"
"Henry_VIII_of_England_en.wikipedia.org_all-access_all-agents",12704,"2016-01-01 00:00:00"
"Hillary_Clinton_en.wikipedia.org_all-access_all-agents",16011,"2016-01-01 00:00:00"
"Hong_Kong_en.wikipedia.org_all-access_all-agents",12751,"2016-01-01 00:00:00"
"Hope_Solo_en.wikipedia.org_all-access_all-agents",1057,"2016-01-01 00:00:00"
"Hope_Solo_en.wikipedia.org_desktop_all-agents",448,"2016-01-01 00:00:00"
"Hope_Solo_en.wikipedia.org_mobile-web_all-agents",598,"2016-01-01 00:00:00"
"House_of_Cards_(U.S._TV_series)_en.wikipedia.org_all-access_all-agents",13905,"2016-01-01 00:00:00"
"How_I_Met_Your_Mother_en.wikipedia.org_all-access_all-agents",11532,"2016-01-01 00:00:00"
"How_to_Get_Away_with_Murder_en.wikipedia.org_all-access_all-agents",11947,"2016-01-01 00:00:00"
"How_to_contribute_www.mediawiki.org_all-access_all-agents",755,"2016-01-01 00:00:00"
"How_to_contribute_www.mediawiki.org_desktop_all-agents",571,"2016-01-01 00:00:00"
"Howard_Hughes_en.wikipedia.org_all-access_all-agents",13155,"2016-01-01 00:00:00"
"Howard_Hughes_en.wikipedia.org_desktop_all-agents",4570,"2016-01-01 00:00:00"
"Howard_Hughes_en.wikipedia.org_mobile-web_all-agents",8404,"2016-01-01 00:00:00"
"Howard_Stern_en.wikipedia.org_all-access_all-agents",4150,"2016-01-01 00:00:00"
"Hugh_Hefner_en.wikipedia.org_all-access_all-agents",4694,"2016-01-01 00:00:00"
"Hulk_Hogan_en.wikipedia.org_all-access_all-agents",6125,"2016-01-01 00:00:00"
"Human_penis_size_en.wikipedia.org_all-access_all-agents",9957,"2016-01-01 00:00:00"
"Humans_(TV_series)_en.wikipedia.org_all-access_all-agents",2982,"2016-01-01 00:00:00"
"Humans_(TV_series)_en.wikipedia.org_desktop_all-agents",1482,"2016-01-01 00:00:00"
"Ice_Cube_en.wikipedia.org_all-access_all-agents",18356,"2016-01-01 00:00:00"
"Iceland_en.wikipedia.org_all-access_all-agents",11874,"2016-01-01 00:00:00"
"Idris_Elba_en.wikipedia.org_all-access_all-agents",18368,"2016-01-01 00:00:00"
"Iggy_Azalea_en.wikipedia.org_all-access_all-agents",6206,"2016-01-01 00:00:00"
"Illuminati_en.wikipedia.org_all-access_all-agents",11004,"2016-01-01 00:00:00"
"Illuminati_en.wikipedia.org_mobile-web_all-agents",7864,"2016-01-01 00:00:00"
"Independence_Day_(United_States)_en.wikipedia.org_all-access_all-agents",2345,"2016-01-01 00:00:00"
"Independence_Day_(United_States)_en.wikipedia.org_desktop_all-agents",753,"2016-01-01 00:00:00"
"Independence_Day_(United_States)_en.wikipedia.org_mobile-web_all-agents",1556,"2016-01-01 00:00:00"
"India_en.wikipedia.org_all-access_all-agents",28589,"2016-01-01 00:00:00"
"India_en.wikipedia.org_desktop_all-agents",12566,"2016-01-01 00:00:00"
"India_en.wikipedia.org_mobile-web_all-agents",15290,"2016-01-01 00:00:00"
"Indonesia_en.wikipedia.org_all-access_all-agents",9006,"2016-01-01 00:00:00"
"Inside_Out_(2015_film)_en.wikipedia.org_all-access_all-agents",21143,"2016-01-01 00:00:00"
"Inside_Out_(2015_film)_en.wikipedia.org_desktop_all-agents",9284,"2016-01-01 00:00:00"
"Inside_Out_(2015_film)_en.wikipedia.org_mobile-web_all-agents",11224,"2016-01-01 00:00:00"
"Instagram_en.wikipedia.org_all-access_all-agents",9062,"2016-01-01 00:00:00"
"Internet_Movie_Database_en.wikipedia.org_all-access_all-agents",21267,"2016-01-01 00:00:00"
"Internet_Movie_Database_en.wikipedia.org_desktop_all-agents",8487,"2016-01-01 00:00:00"
"Internet_en.wikipedia.org_all-access_all-agents",6934,"2016-01-01 00:00:00"
"Interstellar_(film)_en.wikipedia.org_all-access_all-agents",36263,"2016-01-01 00:00:00"
"Interstellar_(film)_en.wikipedia.org_mobile-web_all-agents",24852,"2016-01-01 00:00:00"
"Iran_en.wikipedia.org_all-access_all-agents",8378,"2016-01-01 00:00:00"
"Isaac_Newton_en.wikipedia.org_all-access_all-agents",6678,"2016-01-01 00:00:00"
"Isabel_Preysler_es.wikipedia.org_all-access_all-agents",2787,"2016-01-01 00:00:00"
"Isabel_Preysler_es.wikipedia.org_mobile-web_all-agents",2170,"2016-01-01 00:00:00"
"Islam_en.wikipedia.org_all-access_all-agents",8667,"2016-01-01 00:00:00"
"Islamic_State_of_Iraq_and_the_Levant_en.wikipedia.org_all-access_all-agents",23770,"2016-01-01 00:00:00"
"Islamic_State_of_Iraq_and_the_Levant_en.wikipedia.org_desktop_all-agents",11679,"2016-01-01 00:00:00"
"Islamic_State_of_Iraq_and_the_Levant_en.wikipedia.org_mobile-web_all-agents",11620,"2016-01-01 00:00:00"
"Israel_en.wikipedia.org_all-access_all-agents",21229,"2016-01-01 00:00:00"
"Italy_en.wikipedia.org_all-access_all-agents",8617,"2016-01-01 00:00:00"
"Ivana_Trump_en.wikipedia.org_all-access_all-agents",8289,"2016-01-01 00:00:00"
"Ivanka_Trump_en.wikipedia.org_all-access_all-agents",12178,"2016-01-01 00:00:00"
"Ivy_League_en.wikipedia.org_all-access_all-agents",12882,"2016-01-01 00:00:00"
"Jack_Reacher_(film)_en.wikipedia.org_all-access_all-agents",5230,"2016-01-01 00:00:00"
"Jack_Reacher_(film)_en.wikipedia.org_mobile-web_all-agents",3442,"2016-01-01 00:00:00"
"Jackie_Chan_en.wikipedia.org_all-access_all-agents",9139,"2016-01-01 00:00:00"
"Jada_Pinkett_Smith_en.wikipedia.org_all-access_all-agents",7046,"2016-01-01 00:00:00"
"Jai_Courtney_en.wikipedia.org_all-access_all-agents",9432,"2016-01-01 00:00:00"
"Jai_Courtney_en.wikipedia.org_desktop_all-agents",2217,"2016-01-01 00:00:00"
"Jai_Courtney_en.wikipedia.org_mobile-web_all-agents",6905,"2016-01-01 00:00:00"
"Jake_Gyllenhaal_en.wikipedia.org_all-access_all-agents",11874,"2016-01-01 00:00:00"
"James_Franco_en.wikipedia.org_all-access_all-agents",13610,"2016-01-01 00:00:00"
"Jamie_Dornan_en.wikipedia.org_all-access_all-agents",8797,"2016-01-01 00:00:00"
"Jamie_Foxx_en.wikipedia.org_all-access_all-agents",5620,"2016-01-01 00:00:00"
"Janet_Jackson_en.wikipedia.org_all-access_all-agents",6100,"2016-01-01 00:00:00"
"Japan_en.wikipedia.org_all-access_all-agents",13798,"2016-01-01 00:00:00"
"Japan_en.wikipedia.org_desktop_all-agents",6774,"2016-01-01 00:00:00"
"Jason_Statham_en.wikipedia.org_all-access_all-agents",13141,"2016-01-01 00:00:00"
"Javier_Mascherano_es.wikipedia.org_all-access_all-agents",422,"2016-01-01 00:00:00"
"Jawaharlal_Nehru_en.wikipedia.org_all-access_all-agents",4764,"2016-01-01 00:00:00"
"Jawaharlal_Nehru_en.wikipedia.org_desktop_all-agents",2241,"2016-01-01 00:00:00"
"Jawaharlal_Nehru_en.wikipedia.org_mobile-web_all-agents",2467,"2016-01-01 00:00:00"
"Jean_Dujardin_fr.wikipedia.org_all-access_all-agents",2719,"2016-01-01 00:00:00"
"Jeb_Bush_en.wikipedia.org_all-access_all-agents",5693,"2016-01-01 00:00:00"
"Jeb_Bush_en.wikipedia.org_desktop_all-agents",2005,"2016-01-01 00:00:00"
"Jeb_Bush_en.wikipedia.org_mobile-web_all-agents",3567,"2016-01-01 00:00:00"
"Jenna_Dewan_en.wikipedia.org_all-access_all-agents",5616,"2016-01-01 00:00:00"
"Jenna_Dewan_en.wikipedia.org_mobile-web_all-agents",4124,"2016-01-01 00:00:00"
"Jennifer_Aniston_en.wikipedia.org_all-access_all-agents",18620,"2016-01-01 00:00:00"
"Jennifer_Aniston_en.wikipedia.org_mobile-web_all-agents",13337,"2016-01-01 00:00:00"
"Jennifer_Garner_en.wikipedia.org_all-access_all-agents",13881,"2016-01-01 00:00:00"
"Jennifer_Garner_en.wikipedia.org_desktop_all-agents",4204,"2016-01-01 00:00:00"
"Jennifer_Garner_en.wikipedia.org_mobile-web_all-agents",9417,"2016-01-01 00:00:00"
"Jennifer_Lawrence_en.wikipedia.org_all-access_all-agents",49017,"2016-01-01 00:00:00"
"Jennifer_Lopez_en.wikipedia.org_all-access_all-agents",14428,"2016-01-01 00:00:00"
"Jenny_McCarthy_en.wikipedia.org_all-access_all-agents",160498,"2016-01-01 00:00:00"
"Jesus_en.wikipedia.org_all-access_all-agents",11391,"2016-01-01 00:00:00"
"Jidenna_en.wikipedia.org_all-access_all-agents",2695,"2016-01-01 00:00:00"
"Jidenna_en.wikipedia.org_mobile-web_all-agents",2107,"2016-01-01 00:00:00"
"Jim_Carrey_en.wikipedia.org_all-access_all-agents",15581,"2016-01-01 00:00:00"
"Jim_Carrey_en.wikipedia.org_desktop_all-agents",3798,"2016-01-01 00:00:00"
"Jimi_Hendrix_en.wikipedia.org_all-access_all-agents",8557,"2016-01-01 00:00:00"
"Jimmy_Carter_en.wikipedia.org_all-access_all-agents",6849,"2016-01-01 00:00:00"
"Joaquin_Phoenix_en.wikipedia.org_all-access_all-agents",8643,"2016-01-01 00:00:00"
"Joe_Manganiello_en.wikipedia.org_mobile-web_all-agents",5905,"2016-01-01 00:00:00"
"John_Cena_en.wikipedia.org_all-access_all-agents",29846,"2016-01-01 00:00:00"
"John_Cena_en.wikipedia.org_mobile-web_all-agents",21459,"2016-01-01 00:00:00"
"John_EleuthÃ¨re_du_Pont_en.wikipedia.org_all-access_all-agents",8737,"2016-01-01 00:00:00"
"John_F._Kennedy_en.wikipedia.org_all-access_all-agents",12508,"2016-01-01 00:00:00"
"John_Legend_en.wikipedia.org_all-access_all-agents",5631,"2016-01-01 00:00:00"
"John_Lennon_en.wikipedia.org_all-access_all-agents",14623,"2016-01-01 00:00:00"
"Johnny_Depp_en.wikipedia.org_all-access_all-agents",20817,"2016-01-01 00:00:00"
"Johnny_Depp_en.wikipedia.org_mobile-web_all-agents",14336,"2016-01-01 00:00:00"
"Joker_(comics)_en.wikipedia.org_all-access_all-agents",5012,"2016-01-01 00:00:00"
"Jon_Snow_(character)_en.wikipedia.org_all-access_all-agents",2401,"2016-01-01 00:00:00"
"Jordan_Belfort_en.wikipedia.org_all-access_all-agents",16970,"2016-01-01 00:00:00"
"Joseph_Stalin_en.wikipedia.org_all-access_all-agents",8884,"2016-01-01 00:00:00"
"Juan_Domingo_PerÃ³n_es.wikipedia.org_all-access_all-agents",909,"2016-01-01 00:00:00"
"Juego_de_tronos_(serie_de_televisiÃ³n)_es.wikipedia.org_all-access_all-agents",4381,"2016-01-01 00:00:00"
"Julia_Roberts_en.wikipedia.org_all-access_all-agents",14786,"2016-01-01 00:00:00"
"Jupiter_en.wikipedia.org_all-access_all-agents",4635,"2016-01-01 00:00:00"
"Jupiter_en.wikipedia.org_mobile-web_all-agents",2532,"2016-01-01 00:00:00"
"Jurassic_Park_(film)_en.wikipedia.org_all-access_all-agents",6890,"2016-01-01 00:00:00"
"Jurassic_Park_(film)_en.wikipedia.org_desktop_all-agents",2497,"2016-01-01 00:00:00"
"Jurassic_Park_(film)_en.wikipedia.org_mobile-web_all-agents",4225,"2016-01-01 00:00:00"
"Jurassic_World_en.wikipedia.org_all-access_all-agents",22054,"2016-01-01 00:00:00"
"Jurassic_World_en.wikipedia.org_desktop_all-agents",8281,"2016-01-01 00:00:00"
"Jurassic_World_en.wikipedia.org_mobile-web_all-agents",13070,"2016-01-01 00:00:00"
"Justin_Bieber_en.wikipedia.org_all-access_all-agents",35855,"2016-01-01 00:00:00"
"Juventus_F.C._en.wikipedia.org_all-access_all-agents",3096,"2016-01-01 00:00:00"
"Kaley_Cuoco_en.wikipedia.org_all-access_all-agents",15178,"2016-01-01 00:00:00"
"Kanye_West_en.wikipedia.org_all-access_all-agents",19607,"2016-01-01 00:00:00"
"Kanye_West_en.wikipedia.org_desktop_all-agents",7397,"2016-01-01 00:00:00"
"Kanye_West_en.wikipedia.org_mobile-web_all-agents",11825,"2016-01-01 00:00:00"
"Kate_Hudson_en.wikipedia.org_all-access_all-agents",12445,"2016-01-01 00:00:00"
"Kate_Mara_en.wikipedia.org_all-access_all-agents",11631,"2016-01-01 00:00:00"
"Katrina_Kaif_en.wikipedia.org_all-access_all-agents",10567,"2016-01-01 00:00:00"
"Katy_Perry_en.wikipedia.org_all-access_all-agents",10814,"2016-01-01 00:00:00"
"Kazakhstan_en.wikipedia.org_all-access_all-agents",5758,"2016-01-01 00:00:00"
"Keanu_Reeves_en.wikipedia.org_all-access_all-agents",17746,"2016-01-01 00:00:00"
"Kendall_Jenner_en.wikipedia.org_all-access_all-agents",25589,"2016-01-01 00:00:00"
"Kendall_Jenner_en.wikipedia.org_mobile-web_all-agents",19367,"2016-01-01 00:00:00"
"Kendrick_Lamar_en.wikipedia.org_all-access_all-agents",9963,"2016-01-01 00:00:00"
"Kendrick_Lamar_en.wikipedia.org_desktop_all-agents",4447,"2016-01-01 00:00:00"
"Kevin_Love_en.wikipedia.org_all-access_all-agents",1274,"2016-01-01 00:00:00"
"KickassTorrents_en.wikipedia.org_all-access_all-agents",6879,"2016-01-01 00:00:00"
"Kim_Jong-un_en.wikipedia.org_all-access_all-agents",11871,"2016-01-01 00:00:00"
"Kim_Kardashian_en.wikipedia.org_all-access_all-agents",23231,"2016-01-01 00:00:00"
"Kim_Kardashian_en.wikipedia.org_desktop_all-agents",5769,"2016-01-01 00:00:00"
"Kim_Kardashian_en.wikipedia.org_mobile-web_all-agents",17121,"2016-01-01 00:00:00"
"Kingsman:_The_Secret_Service_en.wikipedia.org_all-access_all-agents",47182,"2016-01-01 00:00:00"
"Kingsman:_The_Secret_Service_en.wikipedia.org_mobile-web_all-agents",34062,"2016-01-01 00:00:00"
"Kit_Harington_en.wikipedia.org_all-access_all-agents",5279,"2016-01-01 00:00:00"
"Kobe_Bryant_en.wikipedia.org_all-access_all-agents",13091,"2016-01-01 00:00:00"
"Kourtney_Kardashian_en.wikipedia.org_all-access_all-agents",10412,"2016-01-01 00:00:00"
"Kray_twins_en.wikipedia.org_all-access_all-agents",26194,"2016-01-01 00:00:00"
"Kray_twins_en.wikipedia.org_mobile-web_all-agents",20178,"2016-01-01 00:00:00"
"Kris_Jenner_en.wikipedia.org_all-access_all-agents",13107,"2016-01-01 00:00:00"
"Kris_Jenner_en.wikipedia.org_mobile-web_all-agents",9417,"2016-01-01 00:00:00"
"Kristen_Bell_en.wikipedia.org_all-access_all-agents",7595,"2016-01-01 00:00:00"
"Ku_Klux_Klan_en.wikipedia.org_all-access_all-agents",6487,"2016-01-01 00:00:00"
"Ku_Klux_Klan_en.wikipedia.org_desktop_all-agents",2238,"2016-01-01 00:00:00"
"Ku_Klux_Klan_en.wikipedia.org_mobile-web_all-agents",4142,"2016-01-01 00:00:00"
"Kurt_Cobain_en.wikipedia.org_all-access_all-agents",10216,"2016-01-01 00:00:00"
"Kurt_Russell_en.wikipedia.org_all-access_all-agents",17946,"2016-01-01 00:00:00"
"Kylie_Jenner_en.wikipedia.org_all-access_all-agents",14705,"2016-01-01 00:00:00"
"Kylie_Jenner_en.wikipedia.org_mobile-web_all-agents",10608,"2016-01-01 00:00:00"
"LGBT_en.wikipedia.org_all-access_all-agents",2731,"2016-01-01 00:00:00"
"Lady_Gaga_en.wikipedia.org_all-access_all-agents",14381,"2016-01-01 00:00:00"
"Lana_Del_Rey_en.wikipedia.org_all-access_all-agents",7849,"2016-01-01 00:00:00"
"Laura_Prepon_en.wikipedia.org_all-access_all-agents",5206,"2016-01-01 00:00:00"
"Laura_Prepon_en.wikipedia.org_mobile-web_all-agents",3593,"2016-01-01 00:00:00"
"Laverne_Cox_en.wikipedia.org_all-access_all-agents",7974,"2016-01-01 00:00:00"
"Laverne_Cox_en.wikipedia.org_mobile-web_all-agents",6458,"2016-01-01 00:00:00"
"LeBron_James_en.wikipedia.org_all-access_all-agents",13013,"2016-01-01 00:00:00"
"LeBron_James_en.wikipedia.org_mobile-web_all-agents",9315,"2016-01-01 00:00:00"
"Lee_Jong-suk_en.wikipedia.org_all-access_all-agents",3388,"2016-01-01 00:00:00"
"Legend_(2015_film)_en.wikipedia.org_all-access_all-agents",15394,"2016-01-01 00:00:00"
"Lena_Headey_en.wikipedia.org_all-access_all-agents",6826,"2016-01-01 00:00:00"
"Leonardo_DiCaprio_en.wikipedia.org_all-access_all-agents",41319,"2016-01-01 00:00:00"
"Leonardo_da_Vinci_en.wikipedia.org_all-access_all-agents",13909,"2016-01-01 00:00:00"
"Liam_Neeson_en.wikipedia.org_all-access_all-agents",19866,"2016-01-01 00:00:00"
"Lil_Wayne_en.wikipedia.org_all-access_all-agents",11729,"2016-01-01 00:00:00"
"Lil_Wayne_en.wikipedia.org_mobile-web_all-agents",9248,"2016-01-01 00:00:00"
"Lionel_Messi_en.wikipedia.org_all-access_all-agents",27862,"2016-01-01 00:00:00"
"Lionel_Messi_en.wikipedia.org_desktop_all-agents",14980,"2016-01-01 00:00:00"
"Lionel_Messi_en.wikipedia.org_mobile-web_all-agents",12642,"2016-01-01 00:00:00"
"Lionel_Messi_es.wikipedia.org_all-access_all-agents",6945,"2016-01-01 00:00:00"
"Lionel_Messi_es.wikipedia.org_desktop_all-agents",1727,"2016-01-01 00:00:00"
"Lionel_Messi_es.wikipedia.org_mobile-web_all-agents",5124,"2016-01-01 00:00:00"
"Lisa_Ann_en.wikipedia.org_all-access_all-agents",10070,"2016-01-01 00:00:00"
"Lisa_Brennan-Jobs_en.wikipedia.org_all-access_all-agents",12516,"2016-01-01 00:00:00"
"List_of_Arrow_episodes_en.wikipedia.org_all-access_all-agents",18553,"2016-01-01 00:00:00"
"List_of_Bollywood_films_of_2015_en.wikipedia.org_all-access_all-agents",38898,"2016-01-01 00:00:00"
"List_of_Bollywood_films_of_2015_en.wikipedia.org_desktop_all-agents",19542,"2016-01-01 00:00:00"
"List_of_Bollywood_films_of_2015_en.wikipedia.org_mobile-web_all-agents",19193,"2016-01-01 00:00:00"
"List_of_Doctor_Who_serials_en.wikipedia.org_all-access_all-agents",14749,"2016-01-01 00:00:00"
"List_of_Game_of_Thrones_characters_en.wikipedia.org_all-access_all-agents",7399,"2016-01-01 00:00:00"
"List_of_Game_of_Thrones_episodes_en.wikipedia.org_all-access_all-agents",13193,"2016-01-01 00:00:00"
"List_of_Game_of_Thrones_episodes_en.wikipedia.org_desktop_all-agents",5931,"2016-01-01 00:00:00"
"List_of_Game_of_Thrones_episodes_en.wikipedia.org_mobile-web_all-agents",6972,"2016-01-01 00:00:00"
"List_of_Games_with_Gold_games_en.wikipedia.org_all-access_all-agents",10648,"2016-01-01 00:00:00"
"List_of_Games_with_Gold_games_en.wikipedia.org_desktop_all-agents",4086,"2016-01-01 00:00:00"
"List_of_Girl_Meets_World_episodes_en.wikipedia.org_all-access_all-agents",7692,"2016-01-01 00:00:00"
"List_of_HTTP_status_codes_en.wikipedia.org_all-access_all-agents",3289,"2016-01-01 00:00:00"
"List_of_HTTP_status_codes_en.wikipedia.org_desktop_all-agents",2619,"2016-01-01 00:00:00"
"List_of_Marvel_Cinematic_Universe_films_en.wikipedia.org_all-access_all-agents",15637,"2016-01-01 00:00:00"
"List_of_Naruto:_Shippuden_episodes_en.wikipedia.org_all-access_all-agents",21312,"2016-01-01 00:00:00"
"List_of_Naruto:_Shippuden_episodes_en.wikipedia.org_desktop_all-agents",12195,"2016-01-01 00:00:00"
"List_of_Orange_Is_the_New_Black_characters_en.wikipedia.org_all-access_all-agents",1884,"2016-01-01 00:00:00"
"List_of_Orange_Is_the_New_Black_characters_en.wikipedia.org_mobile-web_all-agents",1262,"2016-01-01 00:00:00"
"List_of_Orange_Is_the_New_Black_episodes_en.wikipedia.org_all-access_all-agents",5306,"2016-01-01 00:00:00"
"List_of_Orange_Is_the_New_Black_episodes_en.wikipedia.org_desktop_all-agents",1964,"2016-01-01 00:00:00"
"List_of_Orange_Is_the_New_Black_episodes_en.wikipedia.org_mobile-web_all-agents",3235,"2016-01-01 00:00:00"
"List_of_Penny_Dreadful_episodes_en.wikipedia.org_all-access_all-agents",1865,"2016-01-01 00:00:00"
"List_of_Pixar_films_en.wikipedia.org_all-access_all-agents",9602,"2016-01-01 00:00:00"
"List_of_Pixar_films_en.wikipedia.org_desktop_all-agents",4339,"2016-01-01 00:00:00"
"List_of_Presidents_of_the_United_States_en.wikipedia.org_all-access_all-agents",17165,"2016-01-01 00:00:00"
"List_of_Presidents_of_the_United_States_en.wikipedia.org_mobile-web_all-agents",12415,"2016-01-01 00:00:00"
"List_of_Pretty_Little_Liars_episodes_en.wikipedia.org_all-access_all-agents",5366,"2016-01-01 00:00:00"
"List_of_Pretty_Little_Liars_episodes_en.wikipedia.org_desktop_all-agents",2234,"2016-01-01 00:00:00"
"List_of_Rick_and_Morty_episodes_en.wikipedia.org_desktop_all-agents",3110,"2016-01-01 00:00:00"
"List_of_Running_Man_episodes_en.wikipedia.org_all-access_all-agents",22931,"2016-01-01 00:00:00"
"List_of_Running_Man_episodes_en.wikipedia.org_desktop_all-agents",12307,"2016-01-01 00:00:00"
"List_of_Running_Man_episodes_en.wikipedia.org_mobile-web_all-agents",10549,"2016-01-01 00:00:00"
"List_of_Steven_Universe_episodes_en.wikipedia.org_all-access_all-agents",13586,"2016-01-01 00:00:00"
"List_of_Steven_Universe_episodes_en.wikipedia.org_desktop_all-agents",6912,"2016-01-01 00:00:00"
"List_of_Steven_Universe_episodes_en.wikipedia.org_mobile-web_all-agents",6585,"2016-01-01 00:00:00"
"List_of_Suits_episodes_en.wikipedia.org_all-access_all-agents",12205,"2016-01-01 00:00:00"
"List_of_Suits_episodes_en.wikipedia.org_desktop_all-agents",6027,"2016-01-01 00:00:00"
"List_of_Suits_episodes_en.wikipedia.org_mobile-web_all-agents",6070,"2016-01-01 00:00:00"
"List_of_TCP_and_UDP_port_numbers_en.wikipedia.org_all-access_all-agents",3492,"2016-01-01 00:00:00"
"List_of_TCP_and_UDP_port_numbers_en.wikipedia.org_desktop_all-agents",3021,"2016-01-01 00:00:00"
"List_of_Teen_Wolf_episodes_en.wikipedia.org_desktop_all-agents",2442,"2016-01-01 00:00:00"
"List_of_Top_Gear_episodes_en.wikipedia.org_desktop_all-agents",4147,"2016-01-01 00:00:00"
"List_of_UFC_events_en.wikipedia.org_all-access_all-agents",11046,"2016-01-01 00:00:00"
"List_of_United_States_cities_by_population_en.wikipedia.org_all-access_all-agents",10540,"2016-01-01 00:00:00"
"List_of_Walt_Disney_Pictures_films_en.wikipedia.org_all-access_all-agents",13909,"2016-01-01 00:00:00"
"List_of_amendments_to_the_United_States_Constitution_en.wikipedia.org_all-access_all-agents",4402,"2016-01-01 00:00:00"
"List_of_countries_by_GDP_(PPP)_per_capita_en.wikipedia.org_all-access_all-agents",6928,"2016-01-01 00:00:00"
"List_of_countries_by_GDP_(nominal)_en.wikipedia.org_all-access_all-agents",9690,"2016-01-01 00:00:00"
"List_of_countries_by_GDP_(nominal)_en.wikipedia.org_desktop_all-agents",4784,"2016-01-01 00:00:00"
"List_of_country_calling_codes_en.wikipedia.org_all-access_all-agents",8150,"2016-01-01 00:00:00"
"List_of_highest-grossing_films_en.wikipedia.org_all-access_all-agents",89450,"2016-01-01 00:00:00"
"List_of_highest-grossing_films_en.wikipedia.org_desktop_all-agents",33346,"2016-01-01 00:00:00"
"List_of_highest-grossing_films_en.wikipedia.org_mobile-web_all-agents",54212,"2016-01-01 00:00:00"
"List_of_most_viewed_YouTube_videos_en.wikipedia.org_all-access_all-agents",18452,"2016-01-01 00:00:00"
"List_of_states_and_territories_of_the_United_States_en.wikipedia.org_all-access_all-agents",6233,"2016-01-01 00:00:00"
"Liverpool_F.C._en.wikipedia.org_all-access_all-agents",6207,"2016-01-01 00:00:00"
"Liverpool_F.C._en.wikipedia.org_desktop_all-agents",3108,"2016-01-01 00:00:00"
"Liverpool_F.C._en.wikipedia.org_mobile-web_all-agents",2960,"2016-01-01 00:00:00"
"Lleyton_Hewitt_en.wikipedia.org_all-access_all-agents",1275,"2016-01-01 00:00:00"
"Lockheed_Martin_F-35_Lightning_II_en.wikipedia.org_all-access_all-agents",6375,"2016-01-01 00:00:00"
"Lockheed_Martin_F-35_Lightning_II_en.wikipedia.org_desktop_all-agents",2961,"2016-01-01 00:00:00"
"London_Has_Fallen_en.wikipedia.org_all-access_all-agents",3654,"2016-01-01 00:00:00"
"London_en.wikipedia.org_all-access_all-agents",13661,"2016-01-01 00:00:00"
"London_en.wikipedia.org_desktop_all-agents",7042,"2016-01-01 00:00:00"
"Los_Angeles_en.wikipedia.org_all-access_all-agents",10702,"2016-01-01 00:00:00"
"Lucille_Ball_en.wikipedia.org_all-access_all-agents",9766,"2016-01-01 00:00:00"
"Lycos_en.wikipedia.org_all-access_all-agents",10522,"2016-01-01 00:00:00"
"Lyme-Borreliose_de.wikipedia.org_all-access_all-agents",882,"2016-01-01 00:00:00"
"Lyme_disease_en.wikipedia.org_all-access_all-agents",9065,"2016-01-01 00:00:00"
"Lyme_disease_en.wikipedia.org_desktop_all-agents",2233,"2016-01-01 00:00:00"
"Lyme_disease_en.wikipedia.org_mobile-web_all-agents",6717,"2016-01-01 00:00:00"
"Macaulay_Culkin_en.wikipedia.org_all-access_all-agents",24172,"2016-01-01 00:00:00"
"Mad_Max:_Fury_Road_en.wikipedia.org_all-access_all-agents",22029,"2016-01-01 00:00:00"
"Mad_Max:_Fury_Road_en.wikipedia.org_desktop_all-agents",8444,"2016-01-01 00:00:00"
"Mad_Max:_Fury_Road_en.wikipedia.org_mobile-web_all-agents",12978,"2016-01-01 00:00:00"
"Maddie_Ziegler_en.wikipedia.org_all-access_all-agents",6142,"2016-01-01 00:00:00"
"Maddie_Ziegler_en.wikipedia.org_mobile-web_all-agents",4276,"2016-01-01 00:00:00"
"Madonna_(entertainer)_en.wikipedia.org_all-access_all-agents",13031,"2016-01-01 00:00:00"
"Mahatma_Gandhi_en.wikipedia.org_all-access_all-agents",13602,"2016-01-01 00:00:00"
"Mahatma_Gandhi_en.wikipedia.org_desktop_all-agents",5127,"2016-01-01 00:00:00"
"Main_Page_commons.wikimedia.org_all-access_all-agents",44568,"2016-01-01 00:00:00"
"Main_Page_commons.wikimedia.org_desktop_all-agents",23730,"2016-01-01 00:00:00"
"Main_Page_commons.wikimedia.org_mobile-web_all-agents",20838,"2016-01-01 00:00:00"
"Main_Page_en.wikipedia.org_all-access_all-agents",16357307,"2016-01-01 00:00:00"
"Main_Page_en.wikipedia.org_all-access_spider",130982,"2016-01-01 00:00:00"
"Main_Page_en.wikipedia.org_desktop_all-agents",9170612,"2016-01-01 00:00:00"
"Main_Page_en.wikipedia.org_mobile-web_all-agents",6920930,"2016-01-01 00:00:00"
"Maladie_de_Lyme_fr.wikipedia.org_all-access_all-agents",1438,"2016-01-01 00:00:00"
"Maladie_de_Lyme_fr.wikipedia.org_desktop_all-agents",520,"2016-01-01 00:00:00"
"Maladie_de_Lyme_fr.wikipedia.org_mobile-web_all-agents",903,"2016-01-01 00:00:00"
"Malaysia_en.wikipedia.org_all-access_all-agents",8446,"2016-01-01 00:00:00"
"Malcolm_X_en.wikipedia.org_all-access_all-agents",5712,"2016-01-01 00:00:00"
"Maldives_en.wikipedia.org_all-access_all-agents",8148,"2016-01-01 00:00:00"
"Malta_en.wikipedia.org_all-access_all-agents",8689,"2016-01-01 00:00:00"
"Manchester_United_F.C._en.wikipedia.org_all-access_all-agents",9031,"2016-01-01 00:00:00"
"Margot_Robbie_en.wikipedia.org_all-access_all-agents",13733,"2016-01-01 00:00:00"
"Maria_Sharapova_en.wikipedia.org_all-access_all-agents",2268,"2016-01-01 00:00:00"
"Maria_Sharapova_en.wikipedia.org_mobile-web_all-agents",1228,"2016-01-01 00:00:00"
"Mariah_Carey_en.wikipedia.org_all-access_all-agents",15153,"2016-01-01 00:00:00"
"Marilyn_Monroe_en.wikipedia.org_all-access_all-agents",13985,"2016-01-01 00:00:00"
"Marilyn_Monroe_en.wikipedia.org_mobile-web_all-agents",10033,"2016-01-01 00:00:00"
"Mario_Vargas_Llosa_es.wikipedia.org_all-access_all-agents",1432,"2016-01-01 00:00:00"
"Mark_Wahlberg_en.wikipedia.org_all-access_all-agents",50307,"2016-01-01 00:00:00"
"Mark_Wahlberg_en.wikipedia.org_mobile-web_all-agents",41211,"2016-01-01 00:00:00"
"Mark_Zuckerberg_en.wikipedia.org_all-access_all-agents",12478,"2016-01-01 00:00:00"
"Marla_Maples_en.wikipedia.org_all-access_all-agents",6567,"2016-01-01 00:00:00"
"Marlon_Brando_en.wikipedia.org_all-access_all-agents",11306,"2016-01-01 00:00:00"
"Martin_Luther_King,_Jr._en.wikipedia.org_all-access_all-agents",9383,"2016-01-01 00:00:00"
"Marvel_Cinematic_Universe_en.wikipedia.org_all-access_all-agents",15932,"2016-01-01 00:00:00"
"Masturbation_en.wikipedia.org_all-access_all-agents",10355,"2016-01-01 00:00:00"
"Matt_Bomer_en.wikipedia.org_all-access_all-agents",7771,"2016-01-01 00:00:00"
"Matt_Bomer_en.wikipedia.org_mobile-web_all-agents",5585,"2016-01-01 00:00:00"
"Matt_Damon_en.wikipedia.org_all-access_all-agents",18211,"2016-01-01 00:00:00"
"Matt_Smith_(actor)_en.wikipedia.org_all-access_all-agents",7979,"2016-01-01 00:00:00"
"Matthew_McConaughey_en.wikipedia.org_all-access_all-agents",16329,"2016-01-01 00:00:00"
"MediaWiki_www.mediawiki.org_all-access_all-agents",28736,"2016-01-01 00:00:00"
"MediaWiki_www.mediawiki.org_desktop_all-agents",21604,"2016-01-01 00:00:00"
"Meek_Mill_en.wikipedia.org_mobile-web_all-agents",3807,"2016-01-01 00:00:00"
"Mel_B_en.wikipedia.org_all-access_all-agents",4467,"2016-01-01 00:00:00"
"Mel_B_en.wikipedia.org_mobile-web_all-agents",3044,"2016-01-01 00:00:00"
"Melania_Trump_en.wikipedia.org_all-access_all-agents",18094,"2016-01-01 00:00:00"
"Melania_Trump_en.wikipedia.org_mobile-web_all-agents",13371,"2016-01-01 00:00:00"
"Melissa_McCarthy_en.wikipedia.org_all-access_all-agents",22133,"2016-01-01 00:00:00"
"Mexico_en.wikipedia.org_all-access_all-agents",8625,"2016-01-01 00:00:00"
"Mia_Khalifa_en.wikipedia.org_all-access_all-agents",18739,"2016-01-01 00:00:00"
"Mia_Khalifa_en.wikipedia.org_mobile-web_all-agents",13032,"2016-01-01 00:00:00"
"Michael_B._Jordan_en.wikipedia.org_all-access_all-agents",16147,"2016-01-01 00:00:00"
"Michael_B._Jordan_en.wikipedia.org_desktop_all-agents",4446,"2016-01-01 00:00:00"
"Michael_B._Jordan_en.wikipedia.org_mobile-web_all-agents",11405,"2016-01-01 00:00:00"
"Michael_Fassbender_en.wikipedia.org_all-access_all-agents",15297,"2016-01-01 00:00:00"
"Michael_J._Fox_en.wikipedia.org_all-access_all-agents",8173,"2016-01-01 00:00:00"
"Michael_Jackson_en.wikipedia.org_all-access_all-agents",18824,"2016-01-01 00:00:00"
"Michael_Jackson_en.wikipedia.org_desktop_all-agents",6476,"2016-01-01 00:00:00"
"Michael_Jackson_en.wikipedia.org_mobile-web_all-agents",11814,"2016-01-01 00:00:00"
"Michael_Jordan_en.wikipedia.org_all-access_all-agents",23348,"2016-01-01 00:00:00"
"Michael_Jordan_en.wikipedia.org_desktop_all-agents",5414,"2016-01-01 00:00:00"
"Michael_Jordan_en.wikipedia.org_mobile-web_all-agents",17446,"2016-01-01 00:00:00"
"Mike_Tyson_en.wikipedia.org_all-access_all-agents",15710,"2016-01-01 00:00:00"
"Mila_Kunis_en.wikipedia.org_all-access_all-agents",19375,"2016-01-01 00:00:00"
"Mila_Kunis_en.wikipedia.org_mobile-web_all-agents",14526,"2016-01-01 00:00:00"
"Miles_Teller_en.wikipedia.org_all-access_all-agents",8142,"2016-01-01 00:00:00"
"Miley_Cyrus_en.wikipedia.org_all-access_all-agents",11068,"2016-01-01 00:00:00"
"Millennials_en.wikipedia.org_all-access_all-agents",9504,"2016-01-01 00:00:00"
"Milos_Raonic_en.wikipedia.org_all-access_all-agents",1295,"2016-01-01 00:00:00"
"Milos_Raonic_en.wikipedia.org_mobile-web_all-agents",905,"2016-01-01 00:00:00"
"Missy_Franklin_en.wikipedia.org_all-access_all-agents",431,"2016-01-01 00:00:00"
"Modern_Family_en.wikipedia.org_all-access_all-agents",10692,"2016-01-01 00:00:00"
"Mother_Teresa_en.wikipedia.org_all-access_all-agents",7560,"2016-01-01 00:00:00"
"Mr._Robot_(TV_series)_en.wikipedia.org_all-access_all-agents",18616,"2016-01-01 00:00:00"
"Mr._Robot_(TV_series)_en.wikipedia.org_desktop_all-agents",8147,"2016-01-01 00:00:00"
"Mr._Robot_(TV_series)_en.wikipedia.org_mobile-web_all-agents",10008,"2016-01-01 00:00:00"
"Muhammad_Ali_en.wikipedia.org_all-access_all-agents",14769,"2016-01-01 00:00:00"
"Muhammad_en.wikipedia.org_all-access_all-agents",10776,"2016-01-01 00:00:00"
"Mumbai_en.wikipedia.org_all-access_all-agents",7690,"2016-01-01 00:00:00"
"Murder_(sÃ©rie_tÃ©lÃ©visÃ©e)_fr.wikipedia.org_all-access_all-agents",919,"2016-01-01 00:00:00"
"Murder_(sÃ©rie_tÃ©lÃ©visÃ©e)_fr.wikipedia.org_desktop_all-agents",511,"2016-01-01 00:00:00"
"Murder_(sÃ©rie_tÃ©lÃ©visÃ©e)_fr.wikipedia.org_mobile-web_all-agents",397,"2016-01-01 00:00:00"
"MÃ©xico_es.wikipedia.org_all-access_all-agents",4988,"2016-01-01 00:00:00"
"N.W.A_en.wikipedia.org_all-access_all-agents",15637,"2016-01-01 00:00:00"
"NARUTO_-ãƒŠãƒ«ãƒˆ-ã?®ç™»å ´äººç‰©_ja.wikipedia.org_all-access_all-agents",4723,"2016-01-01 00:00:00"
"NATO_phonetic_alphabet_en.wikipedia.org_all-access_all-agents",8375,"2016-01-01 00:00:00"
"Napoleon_en.wikipedia.org_all-access_all-agents",10726,"2016-01-01 00:00:00"
"Narcissistic_personality_disorder_en.wikipedia.org_all-access_all-agents",8722,"2016-01-01 00:00:00"
"Narendra_Modi_en.wikipedia.org_all-access_all-agents",8508,"2016-01-01 00:00:00"
"Naruto_en.wikipedia.org_all-access_all-agents",8956,"2016-01-01 00:00:00"
"Natalie_Portman_en.wikipedia.org_all-access_all-agents",29770,"2016-01-01 00:00:00"
"Natasha_Lyonne_en.wikipedia.org_all-access_all-agents",4539,"2016-01-01 00:00:00"
"Nekrolog_2015_de.wikipedia.org_all-access_all-agents",13944,"2016-01-01 00:00:00"
"Nekrolog_2015_de.wikipedia.org_desktop_all-agents",9729,"2016-01-01 00:00:00"
"Nelson_Mandela_en.wikipedia.org_all-access_all-agents",6185,"2016-01-01 00:00:00"
"Netflix_en.wikipedia.org_all-access_all-agents",12001,"2016-01-01 00:00:00"
"Netherlands_en.wikipedia.org_all-access_all-agents",9707,"2016-01-01 00:00:00"
"Netherlands_en.wikipedia.org_desktop_all-agents",4655,"2016-01-01 00:00:00"
"Neve_Campbell_en.wikipedia.org_all-access_all-agents",3463,"2016-01-01 00:00:00"
"New_York_City_en.wikipedia.org_all-access_all-agents",16889,"2016-01-01 00:00:00"
"New_York_City_en.wikipedia.org_desktop_all-agents",6727,"2016-01-01 00:00:00"
"New_York_en.wikipedia.org_all-access_all-agents",9282,"2016-01-01 00:00:00"
"New_Zealand_en.wikipedia.org_all-access_all-agents",12250,"2016-01-01 00:00:00"
"Neymar_en.wikipedia.org_all-access_all-agents",8603,"2016-01-01 00:00:00"
"Nick_Kyrgios_en.wikipedia.org_mobile-web_all-agents",272,"2016-01-01 00:00:00"
"Nicki_Minaj_en.wikipedia.org_all-access_all-agents",11892,"2016-01-01 00:00:00"
"Nicki_Minaj_en.wikipedia.org_mobile-web_all-agents",8368,"2016-01-01 00:00:00"
"Nicolas_Cage_en.wikipedia.org_all-access_all-agents",12176,"2016-01-01 00:00:00"
"Nicole_Scherzinger_en.wikipedia.org_all-access_all-agents",5052,"2016-01-01 00:00:00"
"Nicole_Scherzinger_en.wikipedia.org_mobile-web_all-agents",3082,"2016-01-01 00:00:00"
"Nigeria_en.wikipedia.org_all-access_all-agents",6673,"2016-01-01 00:00:00"
"Nikola_Tesla_en.wikipedia.org_all-access_all-agents",11352,"2016-01-01 00:00:00"
"Nina_Simone_en.wikipedia.org_all-access_all-agents",16223,"2016-01-01 00:00:00"
"Nina_Simone_en.wikipedia.org_desktop_all-agents",3111,"2016-01-01 00:00:00"
"Nina_Simone_en.wikipedia.org_mobile-web_all-agents",12823,"2016-01-01 00:00:00"
"North_Korea_en.wikipedia.org_all-access_all-agents",10277,"2016-01-01 00:00:00"
"Norway_en.wikipedia.org_all-access_all-agents",9932,"2016-01-01 00:00:00"
"Novak_Djokovic_en.wikipedia.org_all-access_all-agents",3429,"2016-01-01 00:00:00"
"Novak_Djokovic_en.wikipedia.org_mobile-web_all-agents",1985,"2016-01-01 00:00:00"
"ONE_OK_ROCK_ja.wikipedia.org_all-access_all-agents",23904,"2016-01-01 00:00:00"
"ONE_PIECE_ja.wikipedia.org_all-access_all-agents",7910,"2016-01-01 00:00:00"
"Olivia_Munn_en.wikipedia.org_all-access_all-agents",8987,"2016-01-01 00:00:00"
"Olivia_de_Havilland_en.wikipedia.org_all-access_all-agents",3748,"2016-01-01 00:00:00"
"Olivia_de_Havilland_en.wikipedia.org_desktop_all-agents",1659,"2016-01-01 00:00:00"
"Olivia_de_Havilland_en.wikipedia.org_mobile-web_all-agents",2028,"2016-01-01 00:00:00"
"Olympus_Has_Fallen_en.wikipedia.org_all-access_all-agents",3086,"2016-01-01 00:00:00"
"Once_Upon_a_Time_(TV_series)_en.wikipedia.org_all-access_all-agents",12818,"2016-01-01 00:00:00"
"One_Direction_en.wikipedia.org_all-access_all-agents",65774,"2016-01-01 00:00:00"
"Orange_Is_the_New_Black_en.wikipedia.org_all-access_all-agents",13150,"2016-01-01 00:00:00"
"Orange_Is_the_New_Black_en.wikipedia.org_desktop_all-agents",5131,"2016-01-01 00:00:00"
"Orange_Is_the_New_Black_en.wikipedia.org_mobile-web_all-agents",7709,"2016-01-01 00:00:00"
"Orange_Is_the_New_Black_fr.wikipedia.org_all-access_all-agents",2948,"2016-01-01 00:00:00"
"Orphan_Black_en.wikipedia.org_all-access_all-agents",5562,"2016-01-01 00:00:00"
"Ottoman_Empire_en.wikipedia.org_all-access_all-agents",10872,"2016-01-01 00:00:00"
"Outlander_(Fernsehserie)_de.wikipedia.org_all-access_all-agents",1218,"2016-01-01 00:00:00"
"Outlander_(TV_series)_en.wikipedia.org_all-access_all-agents",8352,"2016-01-01 00:00:00"
"Pablo_Escobar_en.wikipedia.org_all-access_all-agents",41251,"2016-01-01 00:00:00"
"Pakistan_en.wikipedia.org_all-access_all-agents",12253,"2016-01-01 00:00:00"
"Pansexuality_en.wikipedia.org_all-access_all-agents",8640,"2016-01-01 00:00:00"
"Pansexuality_en.wikipedia.org_mobile-web_all-agents",6852,"2016-01-01 00:00:00"
"Panzerkampfwagen_V_Panther_de.wikipedia.org_desktop_all-agents",375,"2016-01-01 00:00:00"
"Paris_Hilton_en.wikipedia.org_all-access_all-agents",5842,"2016-01-01 00:00:00"
"Paris_Hilton_en.wikipedia.org_mobile-web_all-agents",3687,"2016-01-01 00:00:00"
"Paris_en.wikipedia.org_all-access_all-agents",6643,"2016-01-01 00:00:00"
"Parks_and_Recreation_en.wikipedia.org_all-access_all-agents",8772,"2016-01-01 00:00:00"
"Paul_Pogba_en.wikipedia.org_all-access_all-agents",2801,"2016-01-01 00:00:00"
"Paul_Rudd_en.wikipedia.org_all-access_all-agents",9118,"2016-01-01 00:00:00"
"Paul_Walker_en.wikipedia.org_all-access_all-agents",14739,"2016-01-01 00:00:00"
"Paul_Walker_en.wikipedia.org_mobile-web_all-agents",10725,"2016-01-01 00:00:00"
"Penny_Dreadful_(TV_series)_en.wikipedia.org_all-access_all-agents",6280,"2016-01-01 00:00:00"
"Penny_Dreadful_(TV_series)_en.wikipedia.org_desktop_all-agents",2735,"2016-01-01 00:00:00"
"Penny_Dreadful_(TV_series)_en.wikipedia.org_mobile-web_all-agents",3417,"2016-01-01 00:00:00"
"Periodic_table_en.wikipedia.org_all-access_all-agents",9154,"2016-01-01 00:00:00"
"Peter_Dinklage_en.wikipedia.org_all-access_all-agents",6603,"2016-01-01 00:00:00"
"Pharrell_Williams_en.wikipedia.org_all-access_all-agents",6216,"2016-01-01 00:00:00"
"Philippines_en.wikipedia.org_all-access_all-agents",11059,"2016-01-01 00:00:00"
"Piper_Kerman_en.wikipedia.org_all-access_all-agents",1985,"2016-01-01 00:00:00"
"Piper_Kerman_en.wikipedia.org_mobile-web_all-agents",1409,"2016-01-01 00:00:00"
"Pirates_of_the_Caribbean_(film_series)_en.wikipedia.org_all-access_all-agents",24078,"2016-01-01 00:00:00"
"Pluto_en.wikipedia.org_desktop_all-agents",1938,"2016-01-01 00:00:00"
"Poland_en.wikipedia.org_all-access_all-agents",7248,"2016-01-01 00:00:00"
"Pope_Francis_en.wikipedia.org_all-access_all-agents",7043,"2016-01-01 00:00:00"
"Pornhub_en.wikipedia.org_all-access_all-agents",11900,"2016-01-01 00:00:00"
"Pornhub_en.wikipedia.org_mobile-web_all-agents",7542,"2016-01-01 00:00:00"
"Pornography_en.wikipedia.org_all-access_all-agents",8941,"2016-01-01 00:00:00"
"Portal:Contents_en.wikipedia.org_all-access_all-agents",9964,"2016-01-01 00:00:00"
"Portal:Contents_en.wikipedia.org_desktop_all-agents",9671,"2016-01-01 00:00:00"
"Portal:Current_events_en.wikipedia.org_all-access_all-agents",33220,"2016-01-01 00:00:00"
"Portal:Current_events_en.wikipedia.org_desktop_all-agents",28852,"2016-01-01 00:00:00"
"Portal:Featured_content_en.wikipedia.org_desktop_all-agents",6477,"2016-01-01 00:00:00"
"Power_(TV_series)_en.wikipedia.org_all-access_all-agents",3571,"2016-01-01 00:00:00"
"Pretty_Little_Liars_(TV_series)_en.wikipedia.org_all-access_all-agents",11775,"2016-01-01 00:00:00"
"Pretty_Little_Liars_(TV_series)_en.wikipedia.org_desktop_all-agents",4371,"2016-01-01 00:00:00"
"Pretty_Little_Liars_(TV_series)_en.wikipedia.org_mobile-web_all-agents",7204,"2016-01-01 00:00:00"
"Pretty_Little_Liars_(season_6)_en.wikipedia.org_all-access_all-agents",8266,"2016-01-01 00:00:00"
"Pretty_Little_Liars_(season_6)_en.wikipedia.org_desktop_all-agents",3002,"2016-01-01 00:00:00"
"Pretty_Little_Liars_(season_6)_en.wikipedia.org_mobile-web_all-agents",5219,"2016-01-01 00:00:00"
"Primera_Guerra_Mundial_es.wikipedia.org_all-access_all-agents",6253,"2016-01-01 00:00:00"
"Prince_(musician)_en.wikipedia.org_all-access_all-agents",20947,"2016-01-01 00:00:00"
"Puerto_Rico_en.wikipedia.org_all-access_all-agents",10610,"2016-01-01 00:00:00"
"Puerto_Rico_en.wikipedia.org_desktop_all-agents",3504,"2016-01-01 00:00:00"
"Puerto_Rico_en.wikipedia.org_mobile-web_all-agents",6915,"2016-01-01 00:00:00"
"Queen_Victoria_en.wikipedia.org_all-access_all-agents",9381,"2016-01-01 00:00:00"
"Quentin_Tarantino_en.wikipedia.org_all-access_all-agents",42467,"2016-01-01 00:00:00"
"Quinoa_en.wikipedia.org_all-access_all-agents",5445,"2016-01-01 00:00:00"
"RMS_Titanic_en.wikipedia.org_all-access_all-agents",12962,"2016-01-01 00:00:00"
"Rachel_McAdams_en.wikipedia.org_all-access_all-agents",13506,"2016-01-01 00:00:00"
"Rachel_McAdams_en.wikipedia.org_desktop_all-agents",4642,"2016-01-01 00:00:00"
"Rachel_McAdams_en.wikipedia.org_mobile-web_all-agents",8621,"2016-01-01 00:00:00"
"Rae_Sremmurd_en.wikipedia.org_all-access_all-agents",4464,"2016-01-01 00:00:00"
"Rafael_Nadal_en.wikipedia.org_all-access_all-agents",3130,"2016-01-01 00:00:00"
"Rafael_Nadal_en.wikipedia.org_mobile-web_all-agents",1989,"2016-01-01 00:00:00"
"Ramadan_en.wikipedia.org_all-access_all-agents",1929,"2016-01-01 00:00:00"
"Ramadan_en.wikipedia.org_desktop_all-agents",613,"2016-01-01 00:00:00"
"Ramadan_en.wikipedia.org_mobile-web_all-agents",1291,"2016-01-01 00:00:00"
"Rami_Malek_en.wikipedia.org_all-access_all-agents",9566,"2016-01-01 00:00:00"
"Rashida_Jones_en.wikipedia.org_all-access_all-agents",10255,"2016-01-01 00:00:00"
"Real_Madrid_C.F._en.wikipedia.org_all-access_all-agents",6057,"2016-01-01 00:00:00"
"Referendum_de.wikipedia.org_all-access_all-agents",116,"2016-01-01 00:00:00"
"Referendum_de.wikipedia.org_mobile-web_all-agents",57,"2016-01-01 00:00:00"
"Republican_Party_presidential_candidates,_2016_en.wikipedia.org_all-access_all-agents",6071,"2016-01-01 00:00:00"
"Richard_Nixon_en.wikipedia.org_all-access_all-agents",7806,"2016-01-01 00:00:00"
"Rick_and_Morty_en.wikipedia.org_all-access_all-agents",7078,"2016-01-01 00:00:00"
"Rick_and_Morty_en.wikipedia.org_desktop_all-agents",4050,"2016-01-01 00:00:00"
"Rihanna_en.wikipedia.org_all-access_all-agents",13632,"2016-01-01 00:00:00"
"Rihanna_en.wikipedia.org_mobile-web_all-agents",8638,"2016-01-01 00:00:00"
"River_Phoenix_en.wikipedia.org_all-access_all-agents",10240,"2016-01-01 00:00:00"
"Robert_Kardashian_en.wikipedia.org_all-access_all-agents",14105,"2016-01-01 00:00:00"
"Robin_Williams_en.wikipedia.org_all-access_all-agents",18059,"2016-01-01 00:00:00"
"Rocky_en.wikipedia.org_all-access_all-agents",8807,"2016-01-01 00:00:00"
"Roger_Federer_en.wikipedia.org_all-access_all-agents",3782,"2016-01-01 00:00:00"
"Roger_Federer_en.wikipedia.org_desktop_all-agents",1415,"2016-01-01 00:00:00"
"Roger_Federer_en.wikipedia.org_mobile-web_all-agents",2318,"2016-01-01 00:00:00"
"Roman_Reigns_en.wikipedia.org_all-access_all-agents",18073,"2016-01-01 00:00:00"
"Ronald_Reagan_en.wikipedia.org_all-access_all-agents",13498,"2016-01-01 00:00:00"
"Ronaldinho_en.wikipedia.org_all-access_all-agents",6302,"2016-01-01 00:00:00"
"Ronaldo_en.wikipedia.org_all-access_all-agents",4554,"2016-01-01 00:00:00"
"Ronda_Rousey_en.wikipedia.org_all-access_all-agents",9621,"2016-01-01 00:00:00"
"Rooting_(Android_OS)_en.wikipedia.org_all-access_all-agents",9287,"2016-01-01 00:00:00"
"Rooting_(Android_OS)_en.wikipedia.org_mobile-web_all-agents",8192,"2016-01-01 00:00:00"
"Rosamund_Pike_en.wikipedia.org_all-access_all-agents",8581,"2016-01-01 00:00:00"
"Rosamund_Pike_en.wikipedia.org_mobile-web_all-agents",5590,"2016-01-01 00:00:00"
"Rose_Byrne_en.wikipedia.org_all-access_all-agents",9723,"2016-01-01 00:00:00"
"Rothschild_family_en.wikipedia.org_all-access_all-agents",7972,"2016-01-01 00:00:00"
"Ruby_Rose_en.wikipedia.org_all-access_all-agents",11248,"2016-01-01 00:00:00"
"Ruby_Rose_en.wikipedia.org_desktop_all-agents",2764,"2016-01-01 00:00:00"
"Ruby_Rose_en.wikipedia.org_mobile-web_all-agents",8357,"2016-01-01 00:00:00"
"Running_Man_(TV_series)_en.wikipedia.org_all-access_all-agents",7648,"2016-01-01 00:00:00"
"Running_Man_zh.wikipedia.org_all-access_all-agents",22134,"2016-01-01 00:00:00"
"Running_Man_zh.wikipedia.org_desktop_all-agents",15132,"2016-01-01 00:00:00"
"Running_Man_zh.wikipedia.org_mobile-web_all-agents",6887,"2016-01-01 00:00:00"
"Russia_en.wikipedia.org_all-access_all-agents",15529,"2016-01-01 00:00:00"
"Russia_en.wikipedia.org_desktop_all-agents",8513,"2016-01-01 00:00:00"
"Ryan_Gosling_en.wikipedia.org_all-access_all-agents",11228,"2016-01-01 00:00:00"
"Ryan_Reynolds_en.wikipedia.org_all-access_all-agents",14972,"2016-01-01 00:00:00"
"SASUKE_ja.wikipedia.org_all-access_all-agents",405,"2016-01-01 00:00:00"
"SASUKE_ja.wikipedia.org_desktop_all-agents",176,"2016-01-01 00:00:00"
"SASUKE_ja.wikipedia.org_mobile-web_all-agents",228,"2016-01-01 00:00:00"
"SIXTEEN_zh.wikipedia.org_all-access_all-agents",899,"2016-01-01 00:00:00"
"Salman_Khan_en.wikipedia.org_all-access_all-agents",21264,"2016-01-01 00:00:00"
"Salman_Khan_en.wikipedia.org_mobile-web_all-agents",15918,"2016-01-01 00:00:00"
"Salvador_DalÃ­_fr.wikipedia.org_all-access_all-agents",1346,"2016-01-01 00:00:00"
"Samira_Wiley_en.wikipedia.org_all-access_all-agents",1380,"2016-01-01 00:00:00"
"Samuel_L._Jackson_en.wikipedia.org_all-access_all-agents",18071,"2016-01-01 00:00:00"
"San_Andreas_(film)_en.wikipedia.org_all-access_all-agents",8744,"2016-01-01 00:00:00"
"San_Andreas_(film)_en.wikipedia.org_mobile-web_all-agents",5928,"2016-01-01 00:00:00"
"Sandra_Bullock_en.wikipedia.org_all-access_all-agents",16515,"2016-01-01 00:00:00"
"Sasha_Grey_en.wikipedia.org_all-access_all-agents",10400,"2016-01-01 00:00:00"
"Saudi_Arabia_en.wikipedia.org_all-access_all-agents",9140,"2016-01-01 00:00:00"
"Scarlett_Johansson_en.wikipedia.org_all-access_all-agents",21046,"2016-01-01 00:00:00"
"Scarlett_Johansson_en.wikipedia.org_mobile-web_all-agents",14586,"2016-01-01 00:00:00"
"Schizophrenia_en.wikipedia.org_all-access_all-agents",8183,"2016-01-01 00:00:00"
"Scientology_en.wikipedia.org_all-access_all-agents",11057,"2016-01-01 00:00:00"
"Scott_Eastwood_en.wikipedia.org_all-access_all-agents",11850,"2016-01-01 00:00:00"
"Scream_(TV_series)_en.wikipedia.org_all-access_all-agents",2285,"2016-01-01 00:00:00"
"Scream_(TV_series)_en.wikipedia.org_desktop_all-agents",944,"2016-01-01 00:00:00"
"Scream_(TV_series)_en.wikipedia.org_mobile-web_all-agents",1277,"2016-01-01 00:00:00"
"Scream_Queens_(2015_TV_series)_en.wikipedia.org_all-access_all-agents",14353,"2016-01-01 00:00:00"
"Sean_Penn_en.wikipedia.org_all-access_all-agents",9372,"2016-01-01 00:00:00"
"Segunda_Guerra_Mundial_es.wikipedia.org_all-access_all-agents",5594,"2016-01-01 00:00:00"
